번호,인정기관명,인증기업명(국문),현상태,사업자등록번호,메인사업장 지역코드,메인사업장 주소,종업원수(전체),전화번호,E-Mail,Fax,담당자,대표자,우편번호,인증표준,인증번호,최초인증일(기관 최초),최초인증일(인증서 최초),인증유효 시작일자,인증유효 만료일자,인증범위 입력,산업분류코드1,산업분류코드2,산업분류코드3
1,KAB,사랑새화장품(주),심사진행,--,경기,경기 부천시 원미구 도약로269번길 27 (도당동),1,032-684-2626,ceo@sarangsae.com,--,한영식 책임연구원,장승재,14523,ISO22716:2007,KSGA-262870,,,,,"헤어케어 제품(샴푸, 헤어트리트먼트, 헤어로션, 퍼머넌트웨이브, 염모제),스킨케어 제품(크림, 클렌징), 바디케어제품(크림, 클렌징, 오일)의 제조",A-03,A-08,"A-11,B-06"
2,KAB,주식회사 휴온스랩,,648-88-00926,경기,"경기 과천시 과천대로7나길 56-19 (갈현동, 휴온스그룹 통합R&D센터)",,--,,--,,윤성태,13840,ISO 45001:2018,,,,,,"바이오의약품, 식품, 생물학적제제의 연구개발",34,,
3,KAB,우진테크,심사진행,--,경기,"경기 군포시 공단로140번길 46 , 206호",1,031-360-7078,wjt-jypark@naver.com,--,박진용 대표이사,박진용,15847,ISO 9001:2015,Q260512,,,,,"금속 절삭가공 제품의 제조(AL가공, SUS가공, 광학부품, 산업용 카메라부품)",17,,
4,KAB,주식회사 벤타코,심사진행,498-87-02676,충남,충남 금산군 금성면 양화길 88 (벤타코),1,041-751-8820,hoyong97@bentaco.co.kr,--,이호용 이사,유상희,32707,ISO9001:2015/ISO14001:2015/ISO 45001:2018,E260510,,,,,"철탑 및 철구조물(강관폴 포함), 송배전 금구류)의 설계, 개발 및 제조",17,,
5,KAB,주식회사 에이펙스일렉트릭,심사진행,286-81-03968,전남,전남광주통합특별시 나주시 왕곡면 혁신산단7길 73-6 (덕산리),1,061-820-0052,mschoi@apex-electric.co.kr,0504-161-5062,최문선 부장,전재영,58296,ISO9001:2015/ISO14001:2015/ISO 45001:2018,E260507,,,,,"변압기, 변성기, 개폐기, 차단기, COS류, 피뢰기류, 개폐장치, 항공 장애등, control panel, 보호계전기, 보호배전반, 에폭시 절연물 제품의 설계, 개발 및 제조",19,,
6,KAB,라비코스메틱,심사진행,121-24-98845,인천,"인천 서해구 중봉대로393번길 132, 2층 일부(원창동, 대성테크)",1,--,ravicos@naver.com,--,명찬영 대표,명찬영,22853,ISO22716:2007,C260505,,,,,화장품(네일용 제품)의 제조,D-09,,
7,KAB,DOOSUNG TECH MEXICO S.A. DE C.V.,심사진행,--,,,1,52866-160-1440,saeja6@i-dstech.com,--,이세광 부장,김만호,,ISO 14001:2015/ISO 45001:2018,E260503,,,,,PCB Assembly 제품의 제조,19,,
8,KAB,제이씨에스,인증완료,367-11-02703,인천,"인천 남동구 승기천로 254, A동 2층",1,010-3050-4800,tinyhoon@naver.com,--,이승훈 대표,이승훈,21634,ISO22716:2007,C260499,2026-08-24,,2026-08-24,2029-08-23,화장품(네일제품)의 제조,D-09,,
9,KAB,이케이에너지,인증완료,591-58-01068,전남,전남광주통합특별시 나주시 왕곡면 혁신산단4길 56,1,031-351-6338,smeba@naver.com,--,김성장 상무,정은경,58296,ISO9001:2015/ISO14001:2015/ISO 45001:2018,E260497,2026-08-18,,2026-08-18,2029-08-17,"COS, 개폐기, 차단기, 계기용 변성기(전력수급용), 폴리머절연애자, 배전용 폴리머 피뢰기, 퓨즈류, 배전용 폴리머 라인포스트 애자, 변압기류, 금구류 및 평와샤의 설계, 개발, 생산 및 부가서비스",17,19,
10,KAB,주식회사 진영엔지니어링,인증완료,449-86-01149,경기,"경기 부천시 원미구 옥산로220번길 15, 2층, 3층(도당동)",1,032-675-6977,jyeng2013@naver.com,032-232-4690,유규영 대표,유규영,14521,ISO 9001:2015/ISO 14001:2015,E260495,2021-01-29,2021-01-29,2026-08-18,2027-01-28,"MCT, CNC가공부품(고속철도차량, 의료기기, 반도체, 초고압부품)의 제조",17,,
11,KAB,(주)포산인더스트리,인증완료,105-81-94893,경기,"경기 고양시 덕양구 청초로 10 (덕은동, 에이동 14층 에이에이 14-1401호, 1403호, 1404호))",1,031-902-5014,posan@posan.com,02-3158-5013,허창수 과장,임경화,10542,ISO 45001:2018,OH260493,2026-09-10,,2026-09-10,2029-09-09,"카메라 테스트 장비, 조색설비의 설계, 개발 및 제조",18,,
12,KAB,(주)대양이에스피,인증완료,621-88-03078,경기,"경기 시흥시 서울대학로 59-49, 711호(배곧동, 건영테크노밸리)",1,031-407-5800,th519@naver.com,031-407-5801,정태홍 대표,정태홍,15012,ISO 9001:2015,Q260491,2026-08-18,,2026-08-18,2029-08-17,"정수처리 설비, 담수처리 설비, 폐수처리 시스템, 배관, 강구조물에 대한 설계, 개발 및 제작 및 설치",17,18,
13,KAB,주식회사 밥앤스토리,인증완료,312-86-49157,충남,충남 아산시 탕정면 삼성로 311 (동산리),1,041-427-1820,10ytfood@ytfood.co.kr,041-621-1823,오인아 주임,"임설희, 박오순",31453,ISO 9001:2015,Q260489,2026-08-31,,2026-08-31,2029-08-30,QMS- 단체급식에 대한 생산 및 서비스 FSMS- 식자재를 구매하여 검수하고 채소와 비채소 요리 등을 조리하여 기업 구내 식당에서 배식하는 급식 서비스,03,,
14,KAB,주식회사 효성아이티,인증완료,110-86-20651,서울,"서울 강서구 공항대로 200, 8층 819호(마곡동, 마곡지웰타워)",1,--,two9912@naver.com,--,변정우 대리,이부영,7631,ISO 9001:2015,Q260488,2026-08-31,,2026-08-31,2029-08-30,"정보통신기기의 설계, 개발 및 제조",19,,
15,KAB,주식회사 아이티아이넥서스,인증완료,559-81-03022,경기,경기 화성시 만세구 우정읍 석천리 52-18,1,010-4002-9088,mlt3022@naver.com,031-359-9018,이재호 이사,민승기,18569,ISO 9001:2015/ISO 14001:2015,E260492,2026-08-10,,2026-08-10,2029-08-09,"스마트 쉘터 정류장, 안테나 폴, 가변용 태양광 주차장, 통신용전주, 신호등주, 통합폴, 조명타워, 조명타워 및 구조물 관리 개발, MLT(Multipurpose Lifting Tower), 조명타워, 가로조명타워, 기후측정장비타워, 전선이 내장된 다단식 지주 타워의 설계 및 생산",17,18,
16,KAB,에이씨에스(주),인증완료,261-88-00452,경기,"경기 안산시 단원구 시화호수로 971, G동 (목내동, (주)에스씨엘 시화 MTV)",1,031-493-5634,ejchoi@acsltd.co.kr,--,진병준 대리,"김예균, 정희진",15658,ISO 9001:2015,Q260486,2021-10-14,2021-10-14,2026-07-13,2027-10-13,철도차량부품(제동장치)의 제조,22,,
17,KAB,(주)디에이치인더스트리,인증완료,176-81-00062,경기,"경기 화성시 마도면 마도로660번길 30, 1층",1,031-355-6889,rubberkim@nate.com,--,김지훈 부장,남현숙,18541,ISO 9001:2015,OH260490,2026-08-24,,2026-08-24,2029-08-23,철도차량 부품(통로연결막)제조,22,,
18,KAB,주식회사 아카이버스,인증완료,384-81-03729,서울,"서울 서초구 남부순환로 2497, 8층 804호(서초동)",1,02-581-0609,jypark@archiverse.ai.kr,02-582-0609,박진영,"이현진, 김현진",6724,ISO 45001:2018,OH260483,2026-07-13,,2026-07-13,2029-07-12,"기록물 DB 구축, 공정관리 소프트웨어, 응용 소프트웨어 개발 및 공급",33,,
19,KAB,주식회사 한윤물류,인증완료,476-86-00502,경기,경기 김포시 통진읍 대서명로 64,1,02-6221-4539,KOREA@HR-SZ.COM,02-3661-4539,김승남 대표,JIN SHENGNAN,10016,ISO 45001:2018,OH260477,2026-07-13,,2026-07-13,2029-07-12,"국제물류주선, 운송(항공, 해상, 육상 화물) 하역 및 분류서비스",31,,
20,KAB,주식회사 에스티알,인증완료,101-86-73926,경기,"경기 시흥시 공단1대로80번길 128, 시화공단 1마 603호(정왕동)",1,031-365-3546,cwpark@strhd.co.kr,070-7500-0775,박찬우 부장,김예균,15096,ISO 9001:2015,Q260475,2026-06-22,,2026-06-22,2029-06-21,철도차량 부품(제동장치) 및 농업용 기계(엔진부품)의 제조,18,22,
21,KAB,주식회사 엘엑스제이,인증완료,148-81-00499,경기,경기 광주시 초월읍 진새골길75번길 33,1,-9164,lxj_yssoffice@naver.com,--,윤성수 주임,이상배,12735,ISO 9001:2015,Q260474,2026-07-06,,2026-07-06,2029-07-05,"자동차 도장설비, 용접 · 판금 설비의 제조",18,,
22,KAB,(주)대한과학 베트남,인증완료,010-88-07222,,,1,840-2465-6858,leejh@daihansci.co.kr,--,이진형 팀장,최정근,,ISO 9001:2015,Q260471,2026-05-18,,2026-05-18,2029-05-17,"수조 및 순환수조, 원심분리기, 히팅블록, 핫플레이트, 핫플레이트 교반기, 쉐이커 및 로커, 볼텍스믹서, 오븐, 인큐베이터, 안전케비넷 생산과 실험기자재 판매 및 서비스",19,29,
23,KAB,주식회사 유진테크놀로지,인증완료,317-81-18936,충북,충북 청주시 흥덕구 2순환로742번길 42 (화계동),1,042-237-1113,dongkyun@yujintechnology.com,--,임동균 과장,"여현국, 이미연",28294,ISO9001:2015/ISO14001:2015/ISO 45001:2018,E260469,2024-06-14,2024-06-14,2026-05-11,2027-06-13,"1. 금형, 자동화 설비용 정밀 가공품의 설계, 개발 및 제조 2. 2차 전지용 리드탭의 제조",17,18,
24,KAB,(주)비엔텍,인증완료,303-81-33898,충북,충북 음성군 삼성면 대청로 57-34 (상곡리),1,043-535-5190,tech2003@nate.com,--,최선경 이사,한만형,27658,ISO 9001:2015/ISO 14001:2015,E260467,2004-06-11,2004-06-11,2026-05-06,2028-06-09,플라스틱 컴파운드 및 마스터 배치의 생산,14,,
25,KAB,주식회사 피제이산업(영천지점),심사진행,451-85-00753,경북,경상북도 영천시 칠백로 808-11 (도남동),1,054-336-2290,pj00706@naver.com,--,김재홍 팀장,박희대,38898,ISO 9001:2015/ISO 14001:2015,SKORE-0047,,,,,"산업용 세척제, 신너, 석유화학 부산물을 포함한 폐유기 용제 및 오일을 고도의 증류 및 정제 공정을 통해 재활용하여 재사용 가능한 산업 원료 및 정제 연료유로 회수 및 전환",12,24,
26,KAB,(주)이에스티 경주사업장,인증완료,611-85-07829,경북,경북 경주시 외동읍 냉천공단길 79,1,054-776-0992,gybae@estco.kr,--,배길영 대리,김희수,38204,ISO9001:2015/ISO14001:2015/ISO 45001:2018,E260464,2026-08-03,,2026-08-03,2029-08-02,폐기물 관리 및 처리와 환경컨설팅,35,,
27,KAB,주식회사 이에스티,인증완료,610-81-67336,울산,울산 울주군 온산읍 원봉로 100,1,052-237-5364,sjkim@estco.kr,--,김수진 이사,김희수,45010,ISO9001:2015/ISO14001:2015/ISO 45001:2018,E260461,2026-07-27,,2026-07-27,2029-07-26,폐기물 관리 및 처리와 환경컨설팅,35,,
28,KAB,주식회사 이에스티그린,인증완료,679-81-01503,울산,울산 남구 테크노산업로81번길 28 (두왕동),1,052-713-5566,jhchoi@estco.kr,--,최재호 부장,김용철,44776,ISO9001:2015/ISO14001:2015/ISO 45001:2018,E260458,2026-07-27,,2026-07-27,2029-07-26,"환경오염물질(대기, 수질, 환경질 등)의 시료채취 및 시험분석 서비스",34,,
29,KAB,이콰트로 주식회사,인증완료,236-88-03716,전남,전남 나주시 왕곡면 혁신산단4길 56,1,055-261-4050,wingtiger66@naver.com,055-261-4051,최종호 부사장,김영일,58296,ISO9001:2015/ISO14001:2015/ISO 45001:2018,E260455,2026-05-18,,2026-05-18,2029-05-17,"에폭시 주상개폐기, 에폭시 지상개폐기, 가스절연 부하개폐기, 폴리머 Recloser, 가스절연 Recloser의 설계, 개발, 생산 및 부가서비스",19,,
30,KAB,주식회사 에이알알루미늄,인증완료,797-87-02724,경남,경남 사천시 사남면 공단2로 146,2,055-855-3377,kim.kd@almac.co.kr,055-855-3378,김경덕 주임,정석현,52530,ISO 14001:2015/ISO 45001:2018,E260449,2026-04-30,,2026-04-30,2029-04-29,알루미늄 주조 및 압출부품의 제조,17,,
31,KAB,서도에너젠 주식회사,인증완료,667-87-03868,충남,충남 천안시 서북구 백석공단3길 50 (백석동),1,00--,kdu4321@hoimyung.co.kr,00--,"김동욱 팀장, 이우형 팀장",한석완,31094,ISO 9001:2015/ISO 14001:2015,E260448,2026-04-30,,2026-04-30,2029-04-29,"2차전지 소재(도전재 슬러리, 분산제, 절연코팅액)의 개발 및 생산",12,,
32,KAB,"DAE HWA GLOBAL CO., LTD.",인증완료,100-04-13263,,,1,02-2736-3857,daehwaglobal@naver.com,--,최공남 대표이사,최공남,,ISO 9001:2015/ISO 14001:2015,E260446,2026-05-06,,2026-05-06,2029-05-05,"자동차 부품(헤드레스트, 암레스트, 시트)의 제조",12,,
33,KAB,(주)세진엔지니어링,인증완료,412-81-23898,전남,전남 영암군 덕진면 향월유수동길 101-8,1,061-810-6333,kim8454004@hanmail.net,--,김숙현,박찬갑,58408,ISO9001:2015/ISO14001:2015/ISO 45001:2018,E260443,2020-04-27,,2026-04-06,2029-04-26,"1. 신재생에너지(열분야, 전기분야, 연료전지, 바이오, 태양광)에 대한 설계, 개발, 시공, 생산 및 판매 2. 토목공사에 대한 시공 및 유지보수 3. 전문건설(전기공사, 소방시설공사, 난방시공, 기계설비공사, 정보통신공사, 금속구조물/창호공사)에 대한 시공 및 유지보수 4. 전동/발전기류, 전기자동차용 충전기류, 폐기물 장비류 및 태양광 발전용 접속함에 대한 설계, 개발, 제조, 설치 및 서비스",19,28,
34,KAB,콜마홀딩스 주식회사,인증완료,307-81-02816,세종,세종특별자치시 전의면 덕고개길 12-11,3,02-3459-5139,wankyu@kolmar.co.kr,--,김완규 대리,윤상현,30004,ISO 45001:2018,OH260441,2026-05-11,,2026-05-11,2029-05-10,"자회사 및 손자회사의 제반사업에 대한 경영자문, 지도, 육성 및 서비스",35,,
35,KAB,주식회사 경기전력,인증완료,141-81-37317,경기,"경기 성남시 수정구 위례광장로 322, 512호 (창곡동, 아이플렉스)",1,031-722-3731,kg04223@naver.com,0505-227-0113,양혜정 대표,양혜정,13640,ISO9001:2015/ISO45001:2018,OH260440,2026-04-06,,2026-04-06,2029-04-05,전기공사,28,,
36,KAB,(주)미래디스플레이,인증완료,234-81-04627,경기,"경기 김포시 양촌읍 황금로 117, 메카존동 8층 848호",1,--,two9912@naver.com,--,변정우 대리,최정훈,10048,ISO 9001:2015,Q260433,2024-05-24,2024-05-24,2026-02-09,2027-05-23,"정보통신기기의 설계, 개발 및 제조",19,,
37,KAB,주식회사 아주테크,인증취소,397-86-01950,경기,"경기 김포시 양촌읍 황금로 117, 메카존동 8층 855호",1,--,two9912@naver.com,--,변정우 대리,이재수,10048,ISO 9001:2015,Q260432,2024-05-14,2024-05-14,2026-02-23,2027-05-13,"정보통신기기의 설계, 개발 및 제조",19,,
38,KAB,회명워터젠(주),인증완료,220-81-46327,경북,경북 구미시 옥계2공단로 139 (구포동),1,041-413-2658,carrot1208@hoimyung.co.kr,--,배혜정 주임,한창호,39416,ISO 9001:2015/ISO 14001:2015,E260431,2016-03-25,2016-03-25,2026-02-02,2028-03-24,"수처리 설비(액체여과장치)의 설계, 개발 및 생산",18,,
39,KAB,(주)그린마이스터,인증완료,126-86-28508,경기,경기 양평군 강하면 수대골길 6,1,031-775-9871,greenmeister@naver.com,--,김대은 실장,김연술,12575,ISO 45001:2018,OH260429,2026-03-03,,2026-03-03,2029-03-02,"하천 녹화 자재의 설계 및 제조, 자연형 하천복원, 법면 녹화의 설계, 시공",23,28,
40,KAB,엔젯 주식회사,심사진행,206-86-36037,경기,경기도 화성시 현대기아로 733-6,1,031-356-5542,jyjung@enjet.co.kr,--,정진영 대리,변도영,18255,ISO 14001:2015,SKORE-0046,,,,,페기물 재활용 및 중간처리에대한 생산 및 부가서비스,24,,
41,KAB,주식회사 선우엔지니어링,인증완료,620-81-35919,울산,울산 울주군 청량읍 상남길 65-6,1,052-260-3391,yhs@sunwooeng.net,--,유형식 부장,"서광학, 전형채",44985,ISO9001:2015/ISO14001:2015/ISO 45001:2018,Q260424,2014-03-10,,2026-02-23,2029-02-27,"기계가스설비공사, 구조물해체·비계공사, 석면해체 ·제거공사",28,,
42,KAB,제이앤에이,인증완료,509-25-01227,충남,"충남 아산시 둔포면 이화서길 55-23, 3-1동",1,00--,jna@jna0901.com,00--,박선미 대표,박선미,31409,ISO 9001:2015,Q260423,2026-02-19,,2026-02-19,2029-02-18,"반도체 장비 부품(세라믹 쿼츠, 사파이어)의 가공",35,,
43,KAB,주식회사 디폰스,인증완료,129-87-03099,충남,"충남 아산시 음봉면 연암산로 88, 212호(디스플레이센터)",1,070-8998-1208,difons@difons.com,050-4171-2464,박선미 과장,정주락,31415,ISO 9001:2015/ISO 14001:2015,E260422,2026-02-19,,2026-02-19,2029-02-18,"반도체 부품(Si, SiC, 세라믹 쿼츠)의 가공",35,,
44,KAB,(주)지인HP 안산공장,인증완료,384-85-01976,경기,"경기 안산시 단원구 별망로 274, 3층(성곡동)",1,031-494-2234,Jeongho.kim@e-jiin.co.kr,--,김정호 부장,민병화,15607,ISO 9001:2015/ISO 14001:2015,E260420,2022-03-04,2022-03-04,2026-01-12,2028-03-03,전자부품(PCB인쇄회로기판)에 대한 생산,19,,
45,KAB,(주)유진상사,인증완료,138-81-58257,인천,인천 남동구 고잔로51번길 26 (고잔동),1,032-446-5117,cgh972000@naver.com,--,최지훈 안전관리자,양원길,21678,ISO 45001:2018,OH260418,2026-01-28,,2026-01-28,2029-01-27,"파지, 폐기물, 재활용품의 수거 및 관리",35,,
46,KAB,주식회사 용한,인증완료,119-86-44679,서울,"서울 금천구 가산디지털2로 14, 317호(가산동, 대륭테크노타운12차)",1,02-862-5117,yonghan555@hanmail.net,--,소병철 안전관리자,"양수진, 양원길",8592,ISO 45001:2018,OH260417,2026-01-28,,2026-01-28,2029-01-27,"파지, 폐기물, 재활용품의 수거 및 관리",35,,
47,KAB,태봉(TB)화장품,인증완료,329-06-03458,경북,경북 영천시 화산면 장수로 842,1,054-336-6446,mck365@naver.com,054-336-6445,박이석 대표,박이석,38807,ISO22716:2007,C260413,2026-01-28,,2026-01-28,2029-01-27,여성 청결제의 생산,A-03,,
48,KAB,(주)신성크린텍,인증완료,140-81-37196,경기,"경기도 안산시 단원구 번영1로 65, A동 203호(성곡동, 시화타원지식산업센터)",1,031-431-2713,ssct5132@naver.com,--,설재남 이사,강성만,15413,ISO 45001:2018,OH250412,2026-01-12,,2026-01-12,2029-01-11,"1. 수처리기기, 환경설비 및 계측기기, 자외선살균기, 계장기기의 설계, 제작 및 유지보수 2. 기계설비 공사, 배관설비 공사 및 환경설비 공사 3. 수처리기기시스템의 구축",18,28,
49,KAB,주식회사 그린파워,심사보류,676-87-00512,경기,"경기 김포시 양촌읍 황금로 117, 나동 816호(메카존)",1,--,gurtns@i-aha.com,--,장혁순 팀장,박민진,10048,ISO 9001:2015/ISO 14001:2015,E250411,,,,,"전기자동차용 충전장치, 전기충전기 캐노피, (건물일체형)태양광발전장치, LED터널용등기구, 태양광가로등에 대한 설계, 개발 및 생산",17,18,19
50,KAB,주식회사 능인솔루션,인증완료,137-86-53064,서울,"서울 금천구 가산디지털2로 14, 1216호 (가산동, 대륭테크노타운12차)",1,02-2029-7050,jhpark@nisolution.co.kr,--,박지혜 차장,신현종,8592,ISO 14001:2015,E250408,2023-04-12,,2026-03-16,2029-04-11,시스템용 전자회로 개발 및 제조,19,,
51,KAB,샘텍E&C (이엔씨),인증완료,621-05-20661,경남,경남 김해시 상동면 동북로437번길 138-28,1,055-312-5320,ssamtech@naver.com,055-312-5318,곽동채 대표,곽동채,50804,ISO9001:2015/ISO14001:2015/ISO 45001:2018,E250406,2026-01-19,,2026-01-19,2029-01-18,산업플랜트(폴리머자동용해장치 등)의 제작 및 설치,18,,
52,KAB,(주)세명테크 익산공장,인증완료,403-85-04110,전북,"전북특별자치도 익산시 석암로7길 137 (팔봉동, 제2공단3차지구)",3,061-833-8818,yshan@semyungtech.com,--,한용수 과장,문성원,54584,ISO 14001:2015/ISO 45001:2018,E250400,2016-04-18,2016-04-18,2026-01-05,2027-05-22,"브레이크 허브, 상용차용 드럼 어셈블리 및 자동차용 알루미늄 다이캐스팅 제품 제조",17,18,
53,KAB,채움에프앤비 농업회사법인 주식회사,인증완료,611-81-24795,경남,"경남 거창군 가조면 석강3길 112 (석강리, 채움에프엔비)",1,055-941-1500,hjk712@naver.com,--,김지은 이사,하재규,50119,ISO 22000:2018,KOR/FSMS/00435/11789,2025-12-18,,2025-12-18,2028-12-17,"음료(과채 주스와 음료, 액상차, 혼합음료, 발효식초, 추출가공식품)와 캔디의 제조",CⅣ,,
54,KAB,HOJEONG COMPANY LIMITED,인증완료,230-07-77672,,,1,84222-390-7000,hjmanager@hojeong.info / ems_ga@hojeong.info,--,유정윤 이사/Le Thi Hang,임영득,,ISO 9001:2015/ISO 14001:2015,E250399,2022-12-09,,2025-12-08,2028-12-08,AssemblyProcessing of Mobile Phone Parts,19,,
55,KAB,(주)신의코퍼레이션,인증완료,125-86-17333,경기,경기 평택시 청북읍 감미동길 57 (고렴리),2,031-8029-9753,jangtaek.lee@shineui.net,031-935-0894,이장택 과장,이종민,17794,ISO9001:2015/ISO45001:2018,OH250395,2025-12-29,,2025-12-29,2028-12-28,"디스플레이 기계장치 제조, 반도체, LCD 부품 조립에 대한 인력파견, 도급서비스",35,,
56,KAB,주식회사 지성,인증완료,316-81-00369,충남,충남 태안군 태안읍 백화로 121-41,1,041-675-0549,0548js@hanmail.net,--,문지영 이사,박래창,32140,ISO 45001:2018,OH250393,2025-11-27,,2025-11-27,2028-11-26,건축 및 토목의 시공,28,,
57,KAB,림디자인 주식회사,인증완료,233-88-00326,충북,"충북 청주시 청원구 오창읍 중심상업로 17, 609,610호",1,043-213-0841,rim_official@naver.com,--,채은주 부장,차동하,28120,ISO9001:2015/ISO45001:2018,OH250392,2025-12-15,,2025-12-15,2028-12-14,실내건축공사,28,,
58,KAB,(주)한솔,인증완료,621-81-76591,경남,경상남도 양산시 상북면 충렬로 501 (소토리),1,055-785-3737,hansol@hansol-food.com,--,장재진 상무,"백갑문, 이경애",50580,ISO 22000:2018,KOR/FSMS/00434/11739,2025-11-20,,2025-11-20,2028-11-19,단체 급식,E,,
59,KAB,주식회사 원심,인증완료,321-86-03121,경기,경기 김포시 양촌읍 황금6로 42,1,031-8048-9551,leejh@wonshim.com,--,이정현 사장,LEE JEONG HYUN(이정현),10048,ISO 9001:2015/ISO 14001:2015,E250390,2025-12-08,,2025-12-08,2028-12-07,"세탁세제, 주방세제, 섬유유연제, 광택제, 섬유 탈취제 및 물티슈의 설계, 개발 및 생산",12,,
60,KAB,재단법인 논산문화관광재단,인증완료,171-82-00462,충남,충남 논산시 시민로 270 (내동),2,041-730-2917,cwnam@nonsancntf.or.kr,041-732-3977,남춘우 대리,백성현,32983,ISO 45001:2018,OH250388,2025-12-08,,2025-12-08,2028-12-07,"지역문화관광 진흥사업, 문화관광시설 운영 관리",36,,
61,KAB,회명텍사스 주식회사,인증완료,320-87-71285,,,1,1949-933-2854,lwh415@hoimyung.co.kr,--,이우형 차장,"한창호, 외 2명",,ISO9001:2015/ISO14001:2015/ISO 45001:2018,E250386,2024-12-20,2024-12-20,2025-11-17,2027-12-19,"2차전지 소재(분산제, 절연코팅액)의 생산",12,,
62,KAB,오성이엔지,인증완료,130-34-45166,경기,"경기 부천시 부천로198번길 18, 202동 5층 506호 (춘의동, 춘의테크노파크2차)",1,032-623-8230,ztop3@naver.com,032-623-8232,박홍기 차장,김남성,14557,ISO9001:2015/ISO45001:2018,OH250384,2023-12-18,2023-12-18,2025-11-03,2026-12-17,차상 신호 시스템 장치 부품의 제조,19,,
63,KAB,주식회사 헨텍,인증완료,222-86-00055,경기,경기 김포시 하성면 원통로78번길 110,1,031-980-8031,kukdong_tr@naver.com,--,강일주 대리,이한울,10011,ISO9001:2015/ISO14001:2015/ISO 45001:2018,E250381,2025-11-10,,2025-11-10,2028-11-09,"유입변압기의 설계, 제조 및 부가서비스",19,,
64,KAB,(주)대양포장,인증완료,504-81-23450,대구,대구 북구 검단로31길 33-7 (검단동),1,053-384-0214,daeyang0602@hanmail.net,--,김준영,김준홍,41513,ISO 45001:2018,SKOR/OH&SMS/00020/11831,2025-12-31,,2025-12-31,2028-12-30,포장용 골판지 상자 제조,07,,
65,KAB,울산광역시청,인증완료,610-83-00023,울산,울산 남구 중앙로 201 (신정동),5,052-229-4143,bigksg@korea.kr,--,김상걸 주무관,김두겸,44675,ISO 45001:2018,OH250379,2025-12-01,,2025-12-01,2028-11-30,"공공행정 서비스(환경관리, 건축물 관리, 조경관리, 도로유지 보수 등)의 안전보건경영시스템",36,,
66,KAB,솔벡일렉트릭 주식회사,인증완료,466-86-03647,경기,"경기 안양시 동안구 엘에스로 136, A동 8층 818호(호계동, 금정역2차 SK V1 tower)",1,--,hskwon@solvecelectric.com,--,권혁서 팀장,임철,14118,ISO 9001:2015/ISO 14001:2015,E250378,2025-11-10,,2025-11-10,2028-11-09,"전력설비감시제어시스템, 보호계전기반, 제어반 및 시스템(무효전력보상장치, 직류배전 및 송전장치, 에너지저장장치), 전력설비용 소프트웨어의 개발, 설계 및 제작",19,33,
67,KAB,주식회사 코스랩코리아,인증완료,337-88-03756,인천,"인천 부평구 안남로402번길 70, 2층 202호 (청천동, 엔터그레인)",1,032-715-4277,pissaro_lee@naver.com,--,정재영 과장,문석범,21314,ISO22716:2007,C250374,2025-10-27,,2025-10-27,2028-10-26,색조화장품(립틴트)의 제조,B-07,,
68,KAB,재보테크 주식회사,인증완료,305-86-16513,대전,"대전 대덕구 중리동로 48, 1층(중리동)",1,042-321-3342,jebo3342@naver.com,042-634-3342,정예은 대리,정인도,34390,ISO 45001:2018,OH250373,2025-10-02,,2025-10-02,2028-10-01,전기공사,28,,
69,KAB,현우전기(주),인증완료,124-81-37985,경기,경기 화성시 정남면 서봉로 1054,1,031-354-7790,hw77904@naver.com,--,최선열 부장,백인기,18519,ISO 9001:2015,Q250372,2025-09-29,,2025-11-03,2028-11-29,전기공사,28,,
70,KAB,어프로티움 주식회사(APPROTIUM),인증완료,610-81-02987,울산,"울산 남구 처용로 35 (여천동, 어프로티움)",3,052-270-8500,deokpyo.hong@approtium.com,--,홍덕표 대리,원기돈,44781,ISO 45001:2018,SKOR/OH&SMS/00018/11649,2025-10-16,,2025-10-16,2028-10-15,"수소, 이산화탄소, 증기 생산 / 파이프라인 가스 운송 및 컨테이너 충전 운송",12,31,
71,KAB,주식회사 에이치엠티,인증완료,121-81-28788,경기,경기도 화성시 팔탄면 버들로 1491,1,031-354-5082,hcsong@hmtglobal.co.kr,031-354-5051,송호찬 팀장,김광남,,ISO 9001:2015/ISO 14001:2015,E250371,2013-01-24,2013-01-24,2025-09-15,2028-01-23,"전기, 전자용 TAPE의 생산",14,,
72,KAB,주식회사 에이스테크,인증완료,355-81-02213,전남,전남 나주시 왕곡면 혁신산단3길 57,2,061-820-7662,sherry1269@ac2tech.co.kr,--,이정현 차장,윤가영,58296,ISO 9001:2015,Q260452,2025-10-20,2021-06-08,2026-04-27,2027-06-07,"변압기, 변성기, 개폐기, 차단기, COS류, 피뢰기류, 개폐장치, 항공 장애등, control panel, 보호계전기, 보호배전반, 에폭시 절연물 제품의 설계, 개발 및 제조",19,,
73,KAB,주식회사 더좋은,인증완료,634-87-01123,경기,"경기 광명시 일직로99번안길 20, 1동 1층(일직동, 주건축물)",1,1688-5243-,thejoeun_gm@naver.com,--,정민철 이사,신동석,14354,ISO 14001:2015/ISO 45001:2018,E250366,2025-10-20,,2025-10-20,2028-10-19,식기케어 서비스,35,,
74,KAB,주식회사 선우네트웍스,인증완료,236-81-02038,경기,경기 김포시 양촌읍 김포한강4로278번길 7-10,1,031-988-2725,sunwoonetworks@naver.com,--,백종진 대표,백종진,10064,ISO 45001:2018,OH250365,2025-10-20,,2025-10-20,2028-10-19,운송(육상 화물) 하역 및 분류서비스,31,,
75,KAB,호성건설산업(주),인증완료,225-81-10407,강원,강원특별자치도 평창군 평창읍 농공단지길 39,1,033-333-8996,hosung8996@hanmail.net,--,김영필 부장,김진해,25369,ISO 9001:2015,Q250363,2012-10-22,2012-10-22,2025-09-15,2027-10-21,"1. 석공사, 철근콘크리트공사, 토목공사, 철물공사, 울타리공사 및 낙석방지공사 2. 용접 철망 및 철근 격자, 마름모 돌망태 및 육각 매트리개비온, 창살형 울타리, 디자인형 울타리, 낙석방지 울타리 및 방지망, 메시형 울타리의 제조 3. 합성목재 및 자연목재의 시공(데크제, 건축목재, 조경용재) 4. 금속구조물의 제조 및 시공",17,28,
76,KAB,주식회사 에스에이치에너지,인증완료,405-81-14917,전남,전라남도 나주시 왕곡면 혁신산단7길 16,1,031-351-6338,gnc124@naver.com,031-351-6396,김성장 상무,정성훈,58296,ISO9001:2015/ISO14001:2015/ISO 45001:2018,E250359,2025-08-28,,2025-08-28,2028-08-27,"COS, 개폐기, 차단기, 계기용 변성기(전력수급용), 폴리머절연애자, 배전용 폴리머 피뢰기, 퓨즈류, 배전용 폴리머 라인포스트 애자, 변압기류 및 금구류의 설계, 개발, 생산 및 부가서비스",19,,
77,KAB,신성에프에이 주식회사,인증완료,826-88-02558,경기,"경기 광명시 일직로 43, C동 1504호(일직동, 지아이디씨)",1,031-432-0608,ssfa23@naver.com,--,김창주 대표,김창주,14353,ISO9001:2015/ISO45001:2018,OH250362,2025-09-22,,2025-09-22,2028-09-21,"물류운반 기계장비의 설계, 개발 및 제조",18,,
78,KAB,(주)서현개발,인증완료,609-81-49643,경기,"경기 광명시 일직로 43, A동 23층 08호(일직동, GIDC)",1,02-802-2114,seoh802@daum.net,02-802-9960,유동현 차장,우용식,14353,ISO 45001:2018,OH250364,2025-09-22,,2025-09-22,2028-09-21,철근·콘크리트 공사,28,,
79,KAB,주식회사 현성내화,,191-87-02455,,,1,041-669-5419,ksh84930@daum.net,041-669-5418,,김상헌,,ISO9001:2015/ISO14001:2015/ISO 45001:2018,,2025-09-22,,2025-09-22,2028-09-21,신청서 접수 전,28,,
80,KAB,(주)고려비철공업,인증완료,124-81-84019,경기,경기 화성시 정남면 여의동길 99,1,031-354-5420,kni12481@hanmail.net,031-354-5421,황옥자 부장,왕영표,18520,ISO 9001:2015,Q250354,2008-04-17,2008-04-17,2025-08-11,2027-10-30,주물용 알루미늄합금 잉곳 및 다이캐스팅용 알루미늄합금 잉곳의 생산,17,,
81,KAB,선진뷰티사이언스(주),인증완료,134-81-01179,서울,"서울 금천구 가산디지털2로 143, 16층 1601~1615호",1,041-957-1081,ehsm@sunjinbs.com,--,최현우 매니저,이성호,8504,ISO 14001:2015/ISO 45001:2018,E250355,2022-08-16,,2025-08-14,2028-08-15,화장품원료 제조 및 개발,12,,
82,KAB,한국도심공항 주식회사,인증완료,367-81-00654,서울,"서울 강남구 테헤란로87길 22, 609호 (삼성동, 한국도심공항터미널)",3,02-551-0581,sw@calt.co.kr,--,이상원 과장,김고현,6164,ISO9001:2015/ISO45001:2018,Q250352,2004-11-15,,2025-11-10,2028-11-14,"품질 본사: 물류창고, 공항버스의 운영 및 서비스 인천공항물류센터: 물류창고의 운영 및 서비스 안전보건 본사: 물류창고, 공항버스의 운영 및 서비스 수락터미널: 공항버스의 운영 및 서비스 인천공항물류센터: 물류창고의 운영 및 서비스",31,,
83,KAB,주식회사 엠스테크,인증완료,714-86-00966,경기,"경기 군포시 고산로 166, 103동 606호 (당정동, SK벤티움)",1,031-427-6001,jeong85@mstk.co.kr,--,정용상 과장,반영각,15850,ISO 9001:2015,Q250351,2025-09-01,,2025-09-01,2028-08-31,"유도형 전력량계, 전자식 유/무효 전력량계, 휴대용 전력량계, 오차시험기, 디지털 판넬미터, 원격검침 시스템 및 타임 스위치의 설계, 개발, 생산 및 부가서비스",19,,
84,KAB,(주)아하,인증완료,112-81-52488,경기,경기 김포시 양촌읍 황금로109번길 67,2,031-997-0909,ycpark@ahainc.co.kr,031-997-0911,류원근 차장,구기도,10048,ISO9001:2015/ISO14001:2015/ISO 45001:2018,E250397,2014-12-08,2014-12-08,2025-11-17,2026-12-07,"1. 정보통신기기(인터랙티브 화이트보드, 태블릿 PC, 터치센서, 정보 디스플레이 장치, 태블릿 모니터, 실물화상기, 무선마이크 및 전자 교탁) 에어 샤워 게이트, 피부 적외선 체온계 (스마트 패스), 공기 살균기, 전기자동차용 충전장치의 설계, 개발 및 생산 2. LED전원공급용컨버터, 직류전원공급장치, 태양광발전장치, 태양광DC접속함, 태양광추적장치 (트래커), 수배전반, 가로등 점멸기, 터널제어기 및 고출력 앰프, 에너지 저장 시스템의 설계, 개발 및 생산 3. 가로등, 에너지 저장 시스템, 태양광발전설비의 설치 및 시공",18,19,28
85,KAB,에치케이티 주식회사,인증완료,131-86-57626,경기,"경기 안양시 동안구 벌말로 123, 2101호(관양동, 스마트베이)",1,070-4477-0740,bell6301@hanmail.net,--,이해종 이사,정재숙,14056,ISO 9001:2015,Q250349,2016-08-26,,2025-08-25,2028-08-25,"LED 조명기구(LED가로등, LED바, LED보안등 및 LED실내조명등)의 설계, 개발 및 생산",19,,
86,KAB,탄용환경개발(주),인증완료,303-81-29341,충북,충북 충주시 대소원면 창현로 911,2,043-856-0050,jhycej@daum.net,--,정호용 부장,신동협,27473,ISO 9001:2015,Q250348,2017-08-04,2027-08-04,2025-08-04,2028-01-05,건축물 해체 공사 및 처리,28,,
87,KAB,주식회사 제이엔와이종합건설,인증완료,656-86-00980,서울,"서울 서초구 서초대로19길 10-19, 2층(방배동)",1,1599-0415-,jnybuild@naver.com,--,유미경 차장,배준성,6573,ISO9001:2015/ISO14001:2015/ISO 45001:2018,E250346,2025-08-11,,2025-08-11,2028-08-10,"일반건설업 (건물(주거용, 비주거용), 철근콘크리트, 미장 및 방수, 상하수도 설비)의 시공",28,,
88,KAB,주식회사 이씨아이,인증완료,841-88-03385,경남,경남 김해시 대동면 대동산단3로 91,1,055-365-9966,ecikorea@ec-insulators.com,055-321-9990,이은진 과장,ZHU HONGCHUN,51026,ISO 9001:2015/ISO 14001:2015,E250344,2025-07-21,,2025-07-21,2028-07-20,"폴리머 절연물(현수애자, 라인포스트 애자, 피뢰기, 컷아우트 스위치, 부싱, 절연암), 배전용 변압기, 금구류의 설계, 개발, 생산 및 부가서비스",19,,
89,KAB,예도오토메이션,인증완료,659-07-01232,대구,"대구 달서구 달구벌대로226길 10, D동",1,053-581-2655,yedoat@naver.com,00--,배정윤 과장,김병민,42709,ISO 9001:2015,OH260472,2025-07-21,,2026-06-11,2029-06-10,자동화 로봇설비 장치 설계 및 제작,18,,
90,KAB,에이에스티인터내셔널 주식회사,인증취소,505-88-00503,서울,"서울 금천구 디지털로 178, 에이동 626호(가산동, 가산퍼블릭)",1,02-6480-9991,yhnoh@astint.co.kr,00--,노영훈 과장,이승원,8513,ISO 45001:2018,OH250342,2025-08-11,,2025-08-11,2028-08-10,"회전기계 및 센서의 설치 및 유지보수(모터, 감속기, 펌프, 컴프레셔, 롤설비,풍력터빈, 블레이드터빈, 무선센서,유선센서, 계측기, CMS)",35,,
91,KAB,"Sekisui Youngbo Hpp(Wuxi) Co., Ltd.",인증완료,--,,,2,0510-6661-0113,koh@youngbo.com,--,고웅희 부장,ZHU HONGCHUN,,ISO 14001:2015,E250340,2022-07-27,,2025-07-14,2028-07-14,Production of crosslinked polyolefin foams,12,,
92,KAB,주식회사 유니바이오테크,인증완료,311-81-04088,충남,충남 예산군 신암면 추사로 235-22,2,041-333-9111,9wins@hanmail.net/ Ubtech1@korea.com,041-333-9110,구승회 팀장,조준희,32417,ISO 9001:2015/ISO 14001:2015,QE250338,2004-08-14,,2025-08-11,2028-08-13,동물약품 의약품에 대한 제조,03,,
93,KAB,(주)지인,인증완료,137-81-17914,세종,세종특별자치시 부강면 금호선말길 74-4,2,044-277-5300,jeongho.kim@e-jiin.co.kr,--,김정호 부장,민병화,30077,ISO 9001:2015/ISO 14001:2015,QE250337,2001-08-27,,2025-08-25,2028-08-26,전자부품(PCB 인쇄회로기판적층)에 대한 생산,19,,
94,KAB,(주)잉크테크,인증완료,123-81-29764,경기,"경기 안산시 단원구 능안로 98-12 (신길동, (주)잉크테크)",2,031-492-6239,twkim@inktec.com,031-493-6415,김태웅 팀장,"정광춘, 김평수",15426,ISO 9001:2015/ISO 14001:2015,QE250336,2015-05-08,2015-05-08,2025-06-30,2027-07-16,"1. 잉크젯 프린터용 잉크, 잉크젯미디어 및 프린터의 설계, 개발 및 생산 2. 전자인쇄용 전자잉크 및 어플리케이션의 설계, 개발 및 생산",12,,
95,KAB,은보기계,인증완료,140-06-24976,경기,경기 안산시 단원구 번영로10번길 16 (성곡동),1,031-319-9472,leb9472@hanmail.net,031-379-9473,김남태 이사,이은보,15617,ISO 9001:2015/ISO 14001:2015,QE250335,2015-05-08,,2026-08-18,2029-08-19,기계용 롤러의 제작,17,,
96,KAB,주식회사 케이디에스(KDS),인증완료,562-81-00429,경북,경북 구미시 1공단로10길 73-4 (공단동),1,054-476-1412,wkkim7002@naver.com,054-476-1413,김우규 이사,김용해,39378,ISO9001:2015/ISO14001:2015/ISO 45001:2018,QEO250334,,,2025-07-07,2028-07-09,"- LCD 장비, 일반 물류장비, 회로카드 조립체, 배선장치(케이블 조립체), 사격 통제 장치, 방공용 원격조절 상자 조립체, 소형 트랜스 조립체, 전원공급기, 전술 정보 통신체계의 설계, 개발, 생산, 설치 및 부가서비스 - 산업용 자동화 설비의 설계, 개발, 제작, 설치 및 부가서비스",18,19,
97,KAB,(주)제이유코스앤팩코리아,인증완료,135-81-27492,경기,경기 용인시 처인구 남사읍 원암로 21-8,2,031-323-6565,kyk74115@jusystem.com,031-323-6568,김용관 이사,"이희종, 서정우",17124,ISO 9001:2015/ISO 14001:2015,QE250332,2005-12-09,,2026-07-20,2029-07-23,"QE: 화장품용 용기 및 도구의 설계, 개발 및 생산 기초화장품, 세정용 화장품, 두발용 화장품, 색조 화장품, 기능성 화장품, 마스크팩, 향수의 설계, 개발 및 생산 P-GMP: 화장품용 솔과 용기의 생산 C-GMP: 기초화장품, 세정용 화장품, 두발용 화장품, 색조 화장품, 기능성 화장품, 마스크팩, 향수의 제조",12,14,
98,KAB,지앤씨전기(주) 나주지점,인증완료,124-86-83558,전남,전남 나주시 왕곡면 혁신산단7길 16,1,031-351-6338,cns10850@naver.com,031-351-6396,정유경 이사,정영옥,58296,ISO9001:2015/ISO14001:2015/ISO 45001:2018,QEO250331,2025-06-09,,2025-06-09,2028-06-08,"COS, 개폐기, 차단기, 계기용 변성기(전력수급용), 폴리머절연애자, 배전용 폴리머 피뢰기, 퓨즈류, 배전용 폴리머 라인포스트 애자, 변압기류 및 금구류의 설계, 개발, 생산 및 부가서비스",19,,
99,KAB,(주)대한엔지니어링,인증완료,610-81-98479,울산,울산 울주군 청량읍 상남1길 34-6,1,00--,dheng0911@hanmail.net,00--,엄양숙 이사,신기호,44985,ISO9001:2015/ISO45001:2018,QO250330,2019-08-05,,2025-08-04,2028-08-04,전문소방시설 공사 및 소방시설 관리 서비스,28,35,
100,KAB,주식회사 시케이글로벌,인증완료,412-81-32489,전남,전남 강진군 강진읍 해강로 1260 (사무실),1,070-7713-0675,kim8454004@hanmail.net,--,김숙현 부장,임순오,59247,ISO 45001:2018,Q250409,2025-06-30,,2025-12-22,2028-12-21,1. 전기공사에 대한 설계 및 종합감리 2. 정보통신공사에 대한 설계 및 종합감리 3. 신재생에너지의 설계,34,,
101,KAB,주식회사 일광전기건설,인증완료,613-81-04209,경남,경남 진주시 큰들로 109 (상평동),1,055-755-7766,redsun1011@hanmail.net,055-755-2774,박정인 과장,김용원,52811,ISO 14001:2015,E250328,2025-06-30,,2025-06-30,2028-06-29,전기공사 및 전문소방시설공사,28,,
102,KAB,주식회사 초미코스메틱,인증완료,590-87-03573,경기,경기 시흥시 엠티브이북로193번길 24 (정왕동),,031-495-7780,asam1313@naver.com,--,김성훈 이사,"남령,최성호",15118,ISO 9001:2015/ISO 22716:2007,C250326,2025-08-04,,2025-08-04,2028-08-03,"기초화장품, 인체 세정용 제품, 두발용 제품의 제조",12,,
103,KAB,극동일렉트릭 주식회사,인증완료,137-81-51396,경기,경기 김포시 하성면 애기봉로 763-31,1,031-989-8031,kukdong_tr@naver.com,031-989-8033,김황규 이사,이흥노,10011,ISO9001:2015/ISO14001:2015/ISO 45001:2018,EO250324,2023-05-18,,2026-05-14,2029-05-17,"유입변압기의 설계, 제조 및 부가서비스",19,,
104,KAB,주식회사 엘에스에이항공,인증취소,852-86-01103,경기,경기 여주시 산북면 광여로 1479 1층,1,031-885-2677,072first@hanmail.net,0504-031-8595,조영식 대표이사,조영식,12600,ISO 9001:2015,Q250322,2025-05-14,,2025-07-07,2028-07-07,"섬유제품(가방, 배낭)에 대한 제조",04,,
105,KAB,주식회사 케이원바이오,인증완료,147-87-02308,경기,"경기 안산시 단원구 산단로 14, 3층 330호 (원시동, 안산KDT지식산업센터)",1,031-477-1330,K-onebio@naver.com,--,현재철 이사,김희영,15612,ISO 9001:2015/ISO 22716:2007,C260428,2026-02-09,,2026-02-09,2029-02-08,"기초화장품, 세정용 화장품, 두발용 화장품, 색조 화장품, 기능성 화장품, 마스크팩, 향수의 제조",12,A-03,"A-08,A-11,B-07,C-12"
106,KAB,씨제이프레시웨이 주식회사,인증완료,603-81-11270,경기,경기 이천시 부발읍 경충대로 2091 SK하이닉스,3,00--,jaehyeon.cho@cj.net,00--,조재현 안전관리자,이건일,17336,ISO 45001:2018,OH250319,2022-11-30,,2025-08-04,2028-11-29,단체급식,30,,
107,KAB,금하산업(주),인증완료,610-81-74690,울산,울산 울주군 청량읍 덕하로 127,1,052-276-0863,Kumha1123@nate.com,052-276-0862,정지숙 과장,김동진,44983,ISO 45001:2018,OH250316,2025-06-09,,2025-06-09,2028-06-08,도장·습식방수·석공사업,28,,
108,KAB,주식회사 탄탄카본텍,인증취소,331-87-03009,서울,"서울 성동구 아차산로17길 57, 4층 401호 (성수동2가, 일신건영휴먼테코)",1,02-6217-3002,leecm@tantancarbon.com,00--,이청민 팀장,권한주,4799,ISO9001:2015/ISO14001:2015/ISO 45001:2018,QEO250315,2025-06-30,,2025-06-30,2028-06-29,탄소배출권(탄소크레딧) 관련 소프트웨어 개발 및 제공,33,,
109,KAB,주식회사 성준테크,인증완료,827-86-03105,대전,"대전 대덕구 대화로 241, 1동 102호(대화동)",1,042-627-5753,Sungjuntech2023@naver.com,00--,박민주 대표,박민주,34369,ISO 9001:2015,Q250313,2025-05-19,,2025-05-19,2028-05-18,"금속절삭가공 제품의 제조(두께측정기 부품, 금형, 주형)",17,,
110,KAB,(주)제이피코플랜트,인증완료,610-86-10221,울산,"울산 남구 신정로68번길 4 (달동, 경일빌딩5층)",1,00--,jpcplt@naver.com,052-227-6902,김기범 차장,황찬우,44694,ISO 45001:2018,OH250318,2025-06-23,,2025-06-23,2028-06-22,기계 배관 설비 공사,28,,
111,KAB,(주)문화,인증완료,124-86-61627,경기,경기 수원시 권선구 정조로413번길 13(장지동),1,031-233-8953,mh@8953.com,031-235-4953,유수미 과장,이송구,16659,ISO9001:2015/ISO45001:2018,OH250312,2023-06-23,,2026-06-15,2029-06-22,"아크릴 광고물의 디자인, 제작 및 설치 금속구조물, 창호, 온실공사업",23,28,
112,KAB,지에이치테크(GH테크),인증완료,544-07-02792,울산,울산 울주군 삼남읍 공암공단2길 42,1,052-295-2320,yolo1775@naver.com,052-298-2320,김희경 과장,성경후,44953,ISO9001:2015/ISO14001:2015/ISO 45001:2018,QEO250317,2025-06-30,,2025-06-30,2028-06-29,자동차 부품 및 금형의 생산,17,18,
113,KAB,주식회사 우리안전테크,인증취소,253-88-02288,울산,"울산 중구 종가로 406-21, 비동 806호 (복산동, 울산비즈파크)",1,052-716-7230,Pc3106@naver.com,052-716-7231,김영택 이사,김기돈,44429,ISO 45001:2018,OH250310,2025-05-12,,2025-05-12,2028-05-11,배관설비용기의 부식관리 및 컨설팅,35,,
114,KAB,에이블이엔씨 주식회사,인증완료,315-88-00929,서울,"서울 중랑구 신내역로 111, A동 10층 10.11호 (신내동, SKV1 지식산업센타)",1,02-6952-0111,k2r102@nate.com,02-6952-0113,김경열 이사,김주형,2262,ISO9001:2015/ISO14001:2015/ISO 45001:2018,QEO250309,2025-05-12,,2025-05-12,2028-05-11,1. 정보통신 공사 2. 통합 관제 솔루션 3. 드론(무인항공기)의 제조,23,28,34
115,KAB,(주)제이솔루션,인증완료,124-86-81958,경기,경기 용인시 처인구 남사읍 원암로 67 (원암리),2,031-372-3893,Mk.lee@j-solution.co.kr,031-334-3894,이민규 팀장,이승룡,17124,ISO9001:2015/ISO14001:2015/ISO 45001:2018,QE250307,2020-07-01,,2026-06-29,2029-06-30,"Powder Moving System, Heating Jacket 및 반도체 장비 부품의 설계, 개발, 제조, 설치 및 부가서비스",19,,
116,KAB,혜성소방(주),인증취소,610-81-25374,울산,"울산 남구 두왕로174번길 21, C동 201호 (선암동, 종합상가)",1,052-256-7119,fireju2003@hanmail.net,052-258-5119,송주애 과장,주문태,44773,ISO 45001:2018,OH250306,2025-04-21,,2025-04-21,2028-04-20,소방시설 관리 및 시공,28,35,
117,KAB,주식회사 디탭,인증완료,478-81-03214,울산,"울산 남구 테크노산업로55번길 79-10, A동 4층 3호 (두왕동, 3D프린팅벤처집적지식산업센터) )",1,070-4418-0419,do@di-tab.com,052-267-0419,도현우 대표,도현우,44776,ISO 45001:2018,E260438,2025-04-28,,2026-04-27,2029-04-26,응용소프트웨어 개발,33,,
118,KAB,주식회사 성신에프에이,인증완료,757-87-01178,대구,대구 달서구 성서로5길 18-8 (대천동),1,053-588-8768,nowvatel@hanmail.net,053-583-8768,장진영 과장,김병철,42720,ISO 45001:2018,QO250327,2025-06-09,,2025-06-09,2028-06-08,자동화 로봇설비 장치 설계 및 제작,18,,
119,KAB,화성종합엔지니어링(주),인증완료,112-81-38166,서울,"서울 구로구 디지털로26길 98, 제3층 제302호(구로동, 디지털탑프라자)",1,02-873-2473,stom9999@hanmail.net,02-873-2476,유준호 이사,윤현석,8393,ISO9001:2015/ISO14001:2015/ISO 45001:2018,QEO250303,2019-08-02,,2025-05-12,2028-06-30,"철도 궤도 공사, 도장공사, 상하수도 공사, 설비공사 및 유지보수 서비스",28,,
120,KAB,화성궤도(주),인증완료,308-81-11434,부산,"부산 부산진구 황령대로 13, 612호 (범천동, 한라시그마타워)",1,02-873-2473,stom9999@hanmail.net,02-873-2476,유준호 이사,김장환,47353,ISO9001:2015/ISO14001:2015/ISO 45001:2018,QEO250302,2019-08-23,,2025-05-12,2028-07-07,"철도 궤도 공사, 철근콘크리트공사 및 유지보수 서비스",28,,
121,KAB,천운궤도 주식회사,인증완료,502-81-47209,대구,대구 수성구 시지로 36 4층 401호,1,02-873-2473,stom9999@hanmail.net,02-873-2476,유준호 이사,강훈,42251,ISO9001:2015/ISO14001:2015/ISO 45001:2018,QE250300,2019-08-23,,2025-05-12,2028-08-22,"QE: 철도 궤도 공사, 철근 콘크리트 공사 및 유지보수 서비스 OHS: 1. 철도궤도공사 및 유지보수 서비스 2. 철도궤도분야 안전진단 서비스",28,,
122,KAB,주식회사 서진기업,인증완료,454-86-02908,경기,경기 남양주시 수동면 소래비로 396-15,1,1599-8333-,Seojin2040@naver.com,031-688-8937,문설 과장,전현수,12034,ISO 9001:2015/ISO 14001:2015,OH260478,2026-07-20,,2026-07-20,2029-07-19,"금속 안전 구조물(볼라드, 바리케이트, 캐노피)의 제조",17,,
123,KAB,(주)디아이엔바이로,인증완료,211-87-71839,서울,"서울 강남구 봉은사로 131, 3층",1,02-3441-9300,kimjm@di.co.kr,02-514-7872,김종민 부장,윤성식,6121,ISO 9001:2015/ISO 14001:2015,OH260415,2026-01-28,,2026-01-28,2029-01-27,"수처리 설비의 설계, 제작 및 시공",18,28,
124,KAB,한국자동차연구원 자율주행기술연구소 빅데이터·SW기술부문 자동차 데이터 플랫폼 운영팀,인증취소,312-82-04676,경기,경기 성남시 수정구 달래내로 46 성남글로벌융합센터 B동 3층,1,031-606-9031,hjlim1@katech.re.kr,031-606-9029,임헌정 팀장,나승식,13449,ISO 9001:2015,Q250299,2025-05-07,,2025-05-07,2028-05-06,"KADaP(자동차데이터플랫폼 : KADaP CLOUD, KADaP eXchange )의 설계, 개발 및 운영",33,,
125,KAB,주식회사 주원방재,인증완료,620-81-47813,울산,울산 중구 구교4길 52 (반구동),2,052-248-1197,jyunlee19@hanmail.net,--,이윤제 전무,정윤수,44508,ISO 45001:2018,OH250298,2025-03-31,,2025-03-31,2028-03-30,"소방시설 관리, 소방시설 시공, 소방 위험물 안전 컨설팅",28,35,
126,KAB,주식회사 파이넥스,인증완료,825-88-03011,울산,울산 남구 여천로217번길 19 (여천동),4,00--,37000016@lottechem.com,052-270-6838,심정보 파트장,김동휘,44714,ISO 45001:2018,OH250297,2025-06-02,,2025-06-02,2028-06-01,"-토너 제품 생산 및 포장업무 -그린소재(메셀로스,헤셀로스,애니코트) 제품 믹싱 및 포장 업무 -케미컬(ECH, MCL), 토너, 그린소재(메셀로스,헤셀로스,애니코트) 출하 업무",12,35,
127,KAB,(주)리문,인증취소,578-81-03377,충남,"충남 천안시 서북구 직산읍 직산로 136, 중2201, 2202호",1,--,leemunco@naver.com,0504-280-8487,이동주 이사,김기민,31035,ISO22716:2007,C250296,2025-03-31,,2025-03-31,2028-03-30,기초화장품에 대한 제조,A-11,,
128,KAB,주식회사 에이아이모빌리티,인증완료,503-86-07597,대구,"대구 달서구 달서대로 559, 403호 (신당동, 이앤씨이노비즈타워)",1,054-583-8131,jychoi@ai-m.co.kr,054-583-8133,최정열 대표이사,최정열,42709,ISO 9001:2015,Q250295,2025-03-31,,2025-03-31,2028-03-30,자동측정 검사장비 시스템의 제작,19,,
129,KAB,비케이기술(주),인증완료,610-81-79545,울산,울산 울주군 청량읍 덕정1길 22,1,052-258-4888,Kbk9953@naver.com,052-258-4824,유영희 과장,김병국,44983,ISO 45001:2018,OH250294,2025-03-24,,2025-03-24,2028-03-23,"전기공사, 계장공사의 시공 및 유지보수",28,,
130,KAB,(주)올곧,인증완료,470-88-02831,경북,경북 구미시 산동읍 첨단기업로 65,2,1833-3786-,allgotfood@naver.com,070-8677-3786,김면성 팀장,최일환,39173,ISO 14001:2015,OH250375,2025-03-24,,2025-11-03,2028-11-02,즉석 조리식품(냉동식품)의 제조,03,,
131,KAB,엔피텍 주식회사,인증취소,816-86-02974,경기,"경기 안성시 서운면 독정서길 28-32, D동",1,031-677-9816,ykj1410@naver.com,031-677-7671,윤경장 전무,이해양,17608,ISO 9001:2015/ISO 14001:2015,QE250291,2025-04-14,,2025-04-14,2028-04-13,"전자부품용 기능성 시트, 절연테이프, 트레이 및 셀 파우치의 제조",14,19,
132,KAB,주식회사 리앤이라마띠네,인증완료,275-86-01567,인천,"인천광역시 중구 은하수로 35 (중산동, 영종 로얄엠포리움호텔)",1,02-963-7785,lelhr1@lelmgm.com,--,김민섭 주임,이왕산,22410,ISO 22000:2018,KOR/FSMS/00432/11217,2025-02-27,,2025-02-27,2028-02-26,"단체급식, 식음료의 공급 서비스",E,,
133,KAB,주식회사 대일리리빙,인증취소,774-88-00055,경기,경기 화성시 봉담읍 삼천병마로 633,1,031-359-8971,living88@livingjin.co.kr,031-359-8974,김선주 과장,김근수,18336,ISO 9001:2015,Q250290,2025-03-10,,2025-03-10,2028-03-09,"세탁세제, 주방세제, 섬유유연제, 세정제, 광택제, 옷걸이, 신발정리대, 분리수거함, 및 LED커버 의 설계, 개발 및 생산",12,14,
134,KAB,연태장업화장용구유한공사,인증완료,913-70-60066,중국,중국 산동성 연태시 래산구 제이에스로 19호,1,535-681-7103,kyk74115@jusystem.com,535-681-7199,김용관이사정원모부장,서정우,,ISO 9001:2015/ISO 14001:2015,QE250287,2025-03-31,,2025-03-31,2028-03-30,"화장품용 용기 및 도구(블러쉬)의 설계, 개발 및 생산",14,,
135,KAB,"DOOIL TPS VIETNAM Co., Ltd.",인증완료,390-01-33853,,,6,84274-355-7874,gogito@dooiltps.com,--,최성림 법인장,최성림,,ISO 9001:2015/ISO 14001:2015,GF-250203,2025-03-21,,2025-03-21,2028-03-20,FIBC(Flexible Intermediate Bulk Container)의 제조,14,,
136,KAB,"DOOIL TOTAL PACKAGING SYSTEM VINA CO., LTD.",인증완료,462-04-50008,,,3,84274-355-7875,dooilvietnam@gmail.com,84274-355-7876,송기환 상무,최방림,,ISO 9001:2015,Q250284,2022-03-11,,2025-03-10,2028-03-10,FIBC(Flexible Intermediate Bulk Container)의 제조,14,,
137,KAB,주식회사 리앤이엠지엠,인증완료,275-86-01567,서울,"서울 동대문구 고산자로 399, 209호",1,02-963-7785,lelhr1@lelmgm.com,02-963-7715,김민섭 주임,이왕산,2566,ISO 9001:2015/ISO 14001:2015,QE250283,2025-02-10,,2025-02-10,2028-02-09,"호텔운영 및 컨설팅, 골프장 위탁운영, 시설관리, 보안, 방역 및 위생 서비스",35,,
138,KAB,주식회사 한컴라이프케어,인증완료,135-81-21955,경기,경기 용인시 처인구 양지면 중부대로1960번길 53 (송문리),3,031-5183-9110,byungki@hancomlc.com,--,최병기 차장,"오병진, 김선영",17160,ISO 14001:2015/ISO 45001:2018,SKOR/EMS/00032/11164,2023-12-14,2023-12-14,2025-01-21,2026-02-20,"공기호흡기, 고압가스용기용 밸브, 송기마스크, 방독마스크, 방진마스크, 일반방독면, 운반형인공호흡 기, 산소공급기, 화생방용 방독면, 방열복, 전동식호흡보호구, 소방용 구조헬멧, 소방용 진압헬멧, 방 화헬멧, 안전헬멧, 방화복, 소방용 특수방화복, 소방용 화학보호복, 특수보호의, 화재용 긴급대피마스 크, 비상탈출용호흡구, 화재대피용 자급식호흡기구, 소방용 방화두건, 화학물질용 보호복 및 교전훈 련장비의 설계, 개발 및 생산, 고압가스 용기의 재검사",04,14,"18,19,34"
139,KAB,(주)미래시스템,인증완료,314-81-14023,대전,대전 유성구 테크노2로 80-27(관평동),2,042-939-4195,hwlee@mrsys.co.kr,042-936-7943,이현우 책임,김상규,34014,ISO 14001:2015,E250281,2022-02-27,,2025-02-10,2028-02-10,"항공, 우주 및 방산용 신호처리유닛 및 전자제어유닛의 개발 및 제조",19,,
140,KAB,에스디바이오센서 주식회사,인증완료,135-86-13315,충북,충북 청주시 흥덕구 오송읍 오송생명4로 74,3,--,Kangsm85@sdbiosensor.com,--,강성만 팀장,"이효근, 허태영",28161,ISO 14001:2015,E250280,2022-02-22,,2025-02-20,2028-02-21,"체외진단 제품의 설계, 제조 및 보관",19,,
141,KAB,주식회사 레이거프로퍼티,인증취소,588-87-02945,서울,"서울 송파구 백제고분로 75, 902호 (잠실동, 올림피아)",1,02-3431-8990,Jyyu22@naver.com,02-3431-8991,유재연 팀장,유승재,5561,ISO9001:2015/ISO14001:2015/ISO 45001:2018,QEO240279,2025-01-06,,2025-01-06,2028-01-05,"건물의 통합운영관리(시설,보안,미화,주차,안내)서비스",35,,
142,KAB,대찬,인증완료,312-31-70233,충남,충남 천안시 서북구 입장면 섶머리3길 12,1,041-414-5537,nct25@naver.com,041-587-5537,김영찬 전무,김제엽,31027,ISO9001:2015/ISO14001:2015/ISO 45001:2018,QEO240277,2023-01-27,,2026-01-26,2029-01-26,반도체 장비 부품 및 자동화설비 부품의 제작,18,,
143,KAB,신화인터텍(주),인증완료,124-81-35935,충남,"충남 천안시 동남구 병천면 매봉로 308 (송정리, 신화인터텍)",2,041-590-3300,rkh0917@shinwha.com,--,류강희 대리,안철흥,31257,ISO50001:2018,24-En-0078,2024-09-20,,2024-09-20,2027-09-19,"스마트 광학용 필름, 고기능성 테이프의 설계, 개발 및 생산",19,,
144,KAB,(주)금비 이천공장,인증취소,126-81-09409,경기,경기 이천시 부발읍 중부대로1707번길 13 (무촌리),2,031-632-5280,jungmj@kumbi.co.kr,--,정민진 과장,고기영,17323,ISO 22000:2018,KOR/FSMS/00433/11294,2025-03-25,,2025-03-25,2028-03-24,유리병의 개발 및 생산,I,,
145,KAB,장원테크비나,인증완료,230-05-32305,,,2,222-361-7990,guy5284@jangwontech.net,--,권기홍 팀장,김용규,,ISO50001:2018,24-En-0064,2024-06-18,,2024-06-18,2027-06-17,"휴대폰, IT제품, 통신장비 및 자동차용 다이캐스팅 부품의 생산",17,,
146,KAB,(주)풍원,인증완료,515-81-01077,경북,경북 경산시 진량읍 진성로 209 (대원리),1,053-857-0106,poongwon@hometax.go.kr,--,박영진 이사,조원준,38473,ISO 45001:2018,SKOR/OH&SMS/00016/11146,2025-01-09,,2025-01-09,2028-01-08,"나일론, 폴리에스터, 면직물 제조",04,,
147,KAB,울산광역시 북구청,인증취소,610-83-04301,울산,울산 북구 산업로 1010 (연암동),3,052-241-7894,dogstar94@korea.kr,052-241-7890,김태연 담당자,박천동,44248,ISO 45001:2018,OH240274,2024-12-09,,2024-12-09,2027-12-08,"공공행정 서비스(환경관리, 건축물 관리, 조경관리, 도로유지 보수 등)의 안전보건경영시스템",36,,
148,KAB,주식회사 글로벌코리아,인증완료,546-81-01595,경북,"경북 안동시 경동로 1375, 안동대학교 지역산학협력관 405호(송천동)",1,054-853-0715,cdspro1004@naver.com,054-843-0716,정준희 이사,송진호,36729,ISO 9001:2015,Q240273,2024-11-25,,2024-11-25,2027-11-24,수상레저 기구의 제조,23,,
149,KAB,탐모라바이오 농업회사법인 주식회사,인증완료,335-86-01404,제주,제주특별자치도 제주시 오광로 36 (이호이동),1,064-712-5802,tammorabio@naver.com,0504-464-5802,홍경호 과장,윤정식,63110,ISO 9001:2015/ISO 14001:2015,QE240272,2024-11-25,,2024-11-25,2027-11-24,단미사료 및 기타 사료의 제조,03,,
150,KAB,주식회사 디와이메탈,인증완료,614-81-04347,경북,경북 고령군 다산면 다산산단1길 60,1,054-956-4347,dym4347@daum.net,054-956-4348,최다솔 주임 박재욱 이사,이강문,40113,ISO 45001:2018,OH240278,2025-01-06,,2025-01-06,2028-01-05,주물제품의 제조,17,,
151,KAB,주식회사 밸류파이브,인증완료,291-88-00040,울산,"울산 남구 테크노산업로55번길 133-10, 2층 (두왕동, 현대비엔)",1,052-279-5869,Hyh6010@value5s.com,052-275-1201,허화열 상무,박세훈,44776,ISO9001:2015/ISO45001:2018,QO240270,2024-12-09,,2024-12-09,2027-12-08,"플랜트공사감독, 정비관리감독, 안전관리감독",35,,
152,KAB,대동전산폼 주식회사,인증취소,503-81-48690,대구,대구 달서구 월곡로100길 19 (월성동),1,053-593-6622,korealee73@hanmail.net,053-593-6627,이한국 부장,차장수,42723,ISO 45001:2018,OH240269,2024-12-09,,2024-12-09,2027-12-08,광고물의 기획 및 제조,23,35,
153,KAB,한국항로표지기술원,인증완료,839-82-00248,세종,"세종특별자치시 아름서1길 13-9, 6층 601호, 602호, 603호(아름동, 다올비즈니스센터)",1,044-850-7514,adonis8412@katon.or.kr,044-862-7601,임지호 차장,박광열,30100,ISO9001:2015/ISO45001:2018,OH240268,2024-11-04,,2025-11-24,2028-11-28,"QMS 1. 등부표의 제작, 수리 2. 항로표지 장비·용품의 시험, 검사 및 서비스 OHS 1. 등대박물관 운영 2. 등부표의 제작, 수리 3. 항로표지 장비·용품의 시험, 검사 및 서비스",17,34,
154,KAB,주식회사 디아이티,인증취소,124-86-37544,경기,경기 화성시 정남면 가장로 355-50 (내리),2,031-300-5356,jmlee@diteam.co.kr,--,이정무 차장,박종철,18513,ISO50001:2018,SKOR/EnMS/00001/11018,2021-11-05,,2024-11-05,2027-11-04,반도체 및 디스플레이 검사장비 개발 및 제조,18,,
155,KAB,주식회사 일동플러스팜,인증완료,514-81-66534,대구,대구 달서구 성서서로48길 6 (갈산동),1,053-631-5141,monica6162@daum.net,--,권기식 대표,권기식,42703,ISO 22000:2018,KOR/FSMS/00431/10991,2024-10-30,,2024-10-30,2027-10-29,건강음료의 제조,CⅣ,,
156,KAB,주식회사 로봇드림,인증취소,439-81-01680,경기,"경기 광명시 일직로 43, 20층 제에이2015호(일직동)",1,02-6914-5800,admin@rdcorp.co.kr,02-6914-5802,장정아 팀장,호영식,14353,ISO 9001:2015/ISO 14001:2015,QE240266,2024-11-11,,2024-11-11,2027-11-10,"자동화기기, 기계부품, 반도체 장비 부품, 전자부품의 개발 및 생산",18,19,
157,KAB,주식회사 썬즈,인증완료,622-87-00043,경기,"경기 광명시 하안로 228, 1동 11호(하안동, 광명시시범공단)",1,02-2681-5200,manage@globalsuns.com,02-2617-5300,김윤화 부장,김태완,14308,ISO 9001:2015/ISO 14001:2015,QE240265,2024-11-11,,2024-11-11,2027-11-10,"1. 정보통신장비 및 기자재의 개발, 제조 2. 정보통신공사 3. 무역(정보통신 관련 장비 및 기자재, 태양광 관련 제품, 화장품)",19,28,29
158,KAB,(주)휴온스,인증완료,863-87-00270,충북,충북 제천시 바이오밸리로 100(왕암동),4,--,parkhy@huons.com,--,박효열 부장,"송수영, 윤상배",27159,ISO 45001:2018,OH240262,2021-12-21,,2024-12-19,2027-12-20,"경구제, 고체 점안약, 액체 점안약, 주사제 의약품, 멸균된 비약물 점안액의 제조",13,19,
159,KAB,(주)휴온스 동암 연구소,인증완료,--,경기,경기 과천시 과천대로7나길 56-19,2,070-7492-5963,yunam@huons.com,02-6455-0740,남영욱 대리,송수영,13840,ISO 45001:2018,OH240261,2021-12-21,,2024-12-19,2027-12-20,"의약품, 건강기능식품의 연구개발",34,,
160,KAB,주식회사 휴메딕스,인증완료,204-81-76343,충북,충북 제천시 바이오밸리2로 17 (왕암동),3,070-7492-5492,mskang@humedix.com,--,강민석 과장,김진환,27159,ISO 45001:2018,OH240264,2024-12-16,,2024-12-16,2027-12-15,"전문의약품(PFS, BFS, 주사제) 및 의료기기(필러)의 개발 및 제조",13,19,
161,KAB,(주)휴온스바이오파마,인증완료,181-86-02034,충북,충북 제천시 바이오밸리2로 50,2,070-7492-3485,fhrgns@huonsbiopharma.com,043-642-7304,공휘림 담당자,김영목,27159,ISO 45001:2018,OH240263,2021-12-21,,2024-12-19,2027-12-20,바이오 의약품 개발 및 제조(클로스트리디움 보툴리눔 A),13,,
162,KAB,(주)성남씨앤씨,인증완료,513-81-72687,경북,경북 구미시 1공단로6길 53-26 (공단동),1,054-463-8813,sncnc@naver.com,054-463-8816,김주옥 주임,허남석,39379,ISO 45001:2018,OH240257,2024-11-04,,2024-11-04,2027-11-03,"기계부품(자동화 장비, 케이스)의 설계, 개발 및 제조",17,,
163,KAB,(주)청운테크,인증완료,504-81-21490,대구,대구 북구 검단공단로 46-25 (검단동),1,053-383-7550,cwtech@daum.net,053-382-7550,소우영 차장,백운학,41514,ISO 45001:2018,OH240256,2024-10-07,,2024-10-07,2027-10-06,자동차용 프레스부품 및 용접부품의 제조,17,,
164,KAB,(주)위드인,인증완료,610-86-03322,울산,"울산 남구 봉월로 167 C동 408호 (신정동, 태화강 엑슬루타워)",1,052-223-5544,jsy@withinjob.co.kr,--,정소영 부장,"전재욱, 임대호",44623,ISO9001:2015/ISO45001:2018,OH240255,2024-09-30,,2025-03-04,2028-03-31,"-인력 파견 및 도급 -고객사 완제품의 검수, 포장, 출하 -인력 관리와 부가 서비스",35,,
165,KAB,상진열기(주),심사보류,506-81-31688,경북,경북 포항시 남구 장기면 장기로 1373,1,054-293-0273,,054-293-1272,,금시환,37942,ISO 9001:2015,Q240253,,2003-11-29,,2025-12-31,"열교환기, 압력용기 및 철구조물의 설계, 개발, 생산 및 서비스",17,18,
166,KAB,주식회사 에이치앤엠바이오,인증취소,579-86-01950,충남,"충남 아산시 신창면 순천향로 22, 305호",1,041-545-6541,banjea@hanmail.net,041-673-0452,이명오 대표이사,이명오,31538,ISO9001:2015/ISO14001:2015/ISO 45001:2018,E240259,2024-09-30,,2024-09-30,2027-09-29,"공공처리장 찌꺼기(협잡물,슬러지) 감량화장치, 고농도 난분해성 하?폐수처리장치 이동식 하?폐수처리장치, 중수도 장치, 오염토양 복원시스템, 산업용 산소수 발생 장치의 설계,개발 및 제조",18,,
167,KAB,"TIANJIN SUNGJU SOUND CO., LTD.",인증취소,911-20-22360,,,3,862268-7611-123,dkkim@soundpia.co.kr,--,김동기 법인장,최윤길,,ISO 14001:2015,E240160,2021-04-04,,2024-04-22,2027-04-01,Design and Manufacture of Speakers,19,,
168,KAB,주식회사 와이디테크,인증완료,503-81-66515,대구,대구 달서구 달서대로95길 106 (호산동),1,053-585-5920,,053-585-5930,손맹숙 과장,손용기,42712,ISO 45001:2018,OH240246,2024-09-02,,2024-09-02,2027-09-01,"산업용기계, 반도체장비의 설계, 개발 및 제조",18,,
169,KAB,주식회사 에이치더블유엘,인증완료,122-81-82261,인천,인천 서구 건지로 146 (가좌동),1,032-325-1815,donald818@daum.net,032-325-1817,김형석 부장,장규연,22844,ISO 9001:2015/ISO 14001:2015,QE240244,2024-09-23,,2024-09-23,2027-09-22,"사출 성형품의 설계, 개발 및 제조",14,,
170,KAB,수영전자(심천)유한공사,인증완료,914-40-30007,,,1,--,wckim9966@naver.com,--,김우창 법인장,강용찬,,ISO 9001:2015/ISO 14001:2015,QE240242,2013-09-27,,2025-08-25,2028-09-26,"산업용 테이프의 설계, 개발 및 가공",14,,
171,KAB,(주)유닛컴퍼니,인증완료,776-81-01968,경기,"경기 부천시 원미구 평천로 655, 401동 803호 (약대동, 부천 테크노파크)",1,--,orgston85@naver.com,--,이원석 부장,최선희,14502,ISO 9001:2015/ISO 14001:2015,QE240241,2024-09-02,,2024-09-02,2027-09-01,교육 및 다목적 로봇 설계개발 및 제조,19,,
172,KAB,긱플러스코리아 유한회사,인증완료,442-81-02593,서울,"서울 마포구 상암산로 34, 10층(상암동)",1,--,Joon.park@geekplus.com,--,박준형 부장,ZHENG YONG,3909,ISO 45001:2018,OH240239,2024-09-23,,2024-09-23,2027-09-22,"물류관리 자동화 로봇의 판매, 설치 및 유지보수",29,,
173,KAB,유한회사 피브이에이테플라코리아,인증완료,765-86-02297,경기,"경기 화성시 동탄첨단산업1로 27, 비동 31층 B3126, 3127호 (영천동, 금강펜테리움 IX타워)",1,031-723-0301,bertha.chu@pvatepla.com,031-723-0302,추윤정 부장,임재일,18469,ISO 45001:2018,OH240238,2024-08-12,,2024-08-12,2027-08-11,"반도체 장비, 산업용 설비의 판매 설치 및 유지보수",29,,
174,KAB,정인 H&SP,인증완료,514-01-28713,경북,경북 성주군 성주읍 성주산업단지로2길 59 (금산리),1,054-931-9041,jihsp@naver.com,054-931-9043,강익중 공장장,김영길,40031,ISO 9001:2015,Q240236,2014-10-31,2014-10-31,2024-09-30,2026-11-30,산업용 부품의 열처리,17,,
175,KAB,주식회사 송이실업,인증완료,503-86-01273,대구,대구 달서구 성서공단북로65길 54(갈산동),1,053-584-5207,rnd@songitex.com,--,이용성 연구소장,손황,42697,ISO 9001:2015,Q240237,2017-10-27,2017-10-27,2024-09-09,2026-10-26,"나일론, 면, 메모리, 스판덱스 및 교직물의 제조",04,12,
176,KAB,케이엠텍주식회사,인증완료,608-81-65164,경북,경북 고령군 다산면 다산산단3길 21-26,1,054-956-8240,kmt1223@naver.com,054-956-8225,김경학 이사,권규태,40113,ISO 9001:2015,Q240233,2014-07-18,,2026-07-13,2029-07-17,"공작기기용, 선박용 및 산업기계용 주물제품의 제조",17,,
177,KAB,인성피앤씨주식회사,인증완료,134-81-41638,충북,충북 보은군 삼승면 남부로 3750-35,2,043-543-2123,,--,고영호 실장,이숭인,28924,ISO 9001:2015,Q240232,2014-01-20,,2024-08-19,2027-08-31,플라스틱 필름의 생산,14,,
178,KAB,주식회사 마카네이쳐,인증취소,888-86-01780,충남,"충남 태안군 태안읍 동문5길 6, 1층",1,070-4232-7603,sorytop@gmail.com,041-673-0452,이영호 이사,정태연,32143,ISO9001:2015/ISO14001:2015/ISO 45001:2018,QEO240228,2024-08-26,,2024-08-26,2027-08-25,비누에 대한 제조,12,,
179,KAB,(주)민성,인증완료,610-81-89801,울산,울산 울주군 청량읍 상남2길 25-4,2,052-266-6417,bluelake307@naver.com,052-266-6419,최민혁 팀장,권택장,44985,ISO9001:2015/ISO14001:2015/ISO 45001:2018,E240226,2024-09-02,,2024-09-02,2027-09-01,"전기공사,계장공사,소방공사,구조물해체 비계공사, 토공사, 철근콘크리트공사, 기계설비공사, 정보통신공사의 시공 및 유지보수",28,,
180,KAB,주식회사 형원피앤씨,인증완료,211-88-09502,충남,충청남도 당진시 합덕읍 농공단지길 34,2,--,윤혜경 과장,--,,강희원,31808,FSSC 22000 (Version 6),25-FSSC-0450,2024-08-08,2024-08-08,2025-08-11,2028-08-10,가스치환포장(MAP)으로 PE 필름에 포장된 슈레드 치즈제품의 제조,CⅠ,,
181,KAB,우리바이오(주),인증취소,134-81-55919,경기,"경기도 안산시 단원구 성곡로 79, 1층(성곡동, 608블럭 30롯트)",1,031-599-3212,ysseo@wooree.co.kr,--,서영선 차장,박길수,15409,FSSC 22000 (Version 6),23-F-1017,2023-07-06,,2023-07-06,2026-07-05,"건강기능식품 및 가공식품 (인삼홍삼음료, 액상차, 혼합음료, 추출가공식품, 기타가공품, 캔디류, 과채가공품)의 제조",CⅣ,,
182,KAB,돌산버섯영농조합법인,인증취소,417-81-37489,전남,전라남도 여수시 돌산읍 돌산로 1491-25,1,061-644-4548,kimsyshfn@naver.com,--,오성이 품질팀장,천숙희,59776,FSSC 22000 (Version 6),23-F-1092,2023-09-14,,2023-09-14,2026-09-13,"버섯가공 식품의 제조 (액상차, 고형차, 커피, 쌀)",CⅣ,,
183,KAB,주식회사 비에스텍글로벌,인증완료,813-88-03323,경기,경기 평택시 서탄면 서탄로 448-64,1,031-611-7230,kcb0093@naver.com,031-611-7231,김영은 과장,공명숙,17704,ISO 9001:2015,Q240224,2014-02-26,,2024-07-22,2027-09-30,"기능성 스포츠 의류, 실리콘 코팅 수영모자, 실리콘 코팅원단, 극세사 타올 및 부력보조복의 생산",04,,
184,KAB,주식회사 엠넥스,인증완료,421-88-02197,경기,경기 수원시 권선구 산업로156번길 194 (고색동),2,070-4600-2401,Jh_lee1@myunghwa.com,031-8019-8599,이주형 매니저,"문성준, 오대윤",16648,ISO 14001:2015/ISO 45001:2018,OH240223,2024-08-05,,2025-10-27,2028-11-28,"Electric Water Pump, Electric Oil Pump, Battery Cooling Fan 및 Electronic Control Unit 의 생산",18,,
185,KAB,명화공업(주),인증완료,134-85-00431,경기,경기 안산시 단원구 범지기로 65,5,052-711-1091,ghkim@myunghwa.com,052-707-7130,김기호 팀장,문성준,15429,ISO 14001:2015/ISO 45001:2018,OH240221,2024-08-05,,2025-10-27,2028-11-28,"ㆍ안산공장: 자동차용 Pump류 (Oil Pump, Water Pump, Fuel Pump, Lube Pump) 및 Auto Transmission용 부품에 대한 설계, 개발 및 생산 ㆍ울산공장: Power Train Pumps, Carrier Assemblies 및 knuckles에 대한 설계, 개발 및 생산 / Brake discs, Brake Drums, Brake & Axle Complete Including Hubs 및 Transmission Parts에 대한 생산 ㆍ아산공장: Carriers, Knuckles 및 BRG-RR에 대한 생산 ㆍ둔포공장: Power Train Pump 및 Transmission용 부품에 대한 생산 ㆍ언양공장: Brake Discs 및 Knuckle Carriers의 생산",18,,
186,KAB,주식회사 태왕이앤씨,인증완료,504-81-89073,대구,"대구 중구 중앙대로 403, 6층, 7층, 8층, 9층 (남일동)",1,053-430-7127,tw89073@bill36524.com,053-430-7025,권우철 실장,"노기원, 김수경",41935,ISO 45001:2018,OH240214,2024-06-24,,2024-06-24,2027-06-23,"주택건설대지조성사업자, 토목.건축공사, 산업.환경설비공사, 전문소방시설공사, 전기공사, 정보통신공사, 조경공사",28,,
187,KAB,주식회사 도완테크,인증완료,254-88-02729,울산,울산 울주군 온산읍 명봉거남로 133,1,052-258-0922,,052-257-0922,김경민 사무주임,김상효,44991,ISO9001:2015/ISO45001:2018,QO240213,2024-07-08,,2024-07-08,2027-07-07,"기계설비, 배관, 도장 공사 및 유지보수",28,,
188,KAB,주식회사 데코엔지니어링,인증취소,712-87-00031,경기,"경기 평택시 평택3로 31, 3층",1,031-653-4393,pp590520@daum.net,031-8029-7181,박종일 총괄이사,차영숙,17909,ISO9001:2015/ISO45001:2018,QO240212,2024-07-08,,2024-07-08,2027-07-07,"산업용 열교환기의 세정 및 유지보수와 발전설비 (냉각탑, 급수펌프, 로터, 케이싱, HRSG, 보일러파이프)의 유지보수",28,,
189,KAB,주식회사 다온다자동차유리,인증완료,301-86-35139,경기,"경기 수원시 권선구 덕영대로 1058, 외 1필지(세류동)",1,031-548-0523,daonda@daonda-ag.com,00--,김슬기 매니저,이재천,16654,ISO 9001:2015,Q240211,2024-07-22,,2024-07-22,2027-07-21,자동차 유리 수리 및 교체 서비스,29,,
190,KAB,(주)케이원메탈1공장,인증완료,570-88-02280,경북,경북 고령군 다산면 다산산단로 136,1,054-956-9197,kwon0383@naver.com,054-700-9397,정광재 차장/김강희 차장(안전),박경원,40113,ISO9001:2015/ISO14001:2015/ISO 45001:2018,ESG250376,2024-06-10,,2025-11-17,2026-11-16,"자동차 및 선박기계, 공작기계, 건설기계, 일반산업기계용 주조물 제작",17,,
191,KAB,(주)케이원메탈2공장,인증완료,503-81-94990,경북,경북 고령군 다산면 다산산단2길 88,1,054-955-9197,kwon0383@naver.com,054-955-9198,김재활 이사/ 최영도 차장,박경원,40113,ISO9001:2015/ISO14001:2015/ISO 45001:2018,OH240235,2024-08-05,,2024-08-05,2027-08-04,"자동차 및 선박기계, 공작기계, 건설기계, 일반산업기계용 주조물 제작",17,,
192,KAB,(주)대명기술,인증완료,610-81-87574,울산,"울산 남구 야음로 4, 104동 2층 202호 (야음동, 신선아파트)",1,052-258-7141,choon7771@daum.net,052-258-7144,김진기 부장,김기춘,44753,ISO 45001:2018,OH240205,2024-05-27,,2024-05-27,2027-05-26,배관 및 철구조물 설치 및 시공,28,,
193,KAB,주식회사 섬섬바이오,인증완료,727-88-02101,전남,"전남 장성군 남면 나노산단로 123, 305호 (전남바이오산업진흥원 나노바이오연구센터)",1,061-820-7834,ysh8694@sumsumbio.com,--,양승화 선임,최문희,57248,ISO9001:2015/ISO14001:2015/ISO 45001:2018,QEO240204,2024-06-03,,2024-06-03,2027-06-02,"화장품, 건강기능식품의 개발 및 제조",03,12,
194,KAB,혜서산업(주),인증완료,427-86-00437,경북,"경북 포항시 남구 문예로82번길 32, 1층 (해도동)",1,054-283-9688,wjs9688@naver.com,054-246-9688,정용호 과장,전진마,37824,ISO 45001:2018,OH240201,2024-05-27,,2024-05-27,2027-05-26,기계설비공사,28,,
195,KAB,주식회사 하영기업,인증완료,336-87-01137,서울,"서울 구로구 디지털로 271, 2층 201-3호 (구로동, 벽산디지털밸리Ⅲ)",1,02-873-2473,hy01137@hanmail.net,02-873-2476,유준호 이사,박진희,8381,ISO9001:2015/ISO14001:2015/ISO 45001:2018,QEO240198,2024-06-03,,2024-06-03,2027-06-02,철도 궤도 공사 및 유지보수 서비스,28,,
196,KAB,유니퀘스트(주)/NBLESS,인증완료,120-81-56132,경기,"경기 성남시 분당구 황새울로 314 (서현동, 유니퀘스트빌딩)",1,070-4248-3612,eylee@uniquest.co.kr,02-504-3613,이은영 이사,Kim Andrew,13591,ISO9001:2015/ISO14001:2015/ISO 45001:2018,E240196,,,2024-05-27,2027-06-03,"빌딩제어 시스템(HVAC 제품, 디지털 제어기, 통합제어 시스템, 조명제어기). 에너지 절약 시스템(ESCO), 정보통신, 통합 보안 시스템(출입 통제, CCTV, 외곽 감시, 침입자 감시), 전력종합 자동화 시스템(PLC, 드라이브, HMI, 컴퓨터제어시스템, 분산제어시스템, 원격감시제어시스템, 자동제어계장시스템, 공장 자동화시스템, 계측제어기기, 드라이브판넬, 철도신호제어시스템, 태양광발전 시스템, 에너지저장장치시스템, ESS용 전력변환시스템, 전력관리시스템) )의 설치, 시공, 부가서비스 및 판매",28,29,
197,KAB,(주)삼구아이앤씨 울산피피사업장,인증완료,118-81-15986,울산,울산 남구 신항로716번길 20 (황성동),2,--,kwk05448@naver.com,052-901-6091,김원근 팀장,"김형규, 김화성",44784,ISO 45001:2018,OH240194,2024-06-24,,2024-06-24,2027-06-23,폴리프로필렌 제품포장 및 출하,35,,
198,KAB,시앤파워텍(주),인증완료,143-81-12030,전남,전남 나주시 왕곡면 혁신산단7길 107 (덕산리),1,031-351-6338,cns10850@naver.com,031-351-6396,고귀환 과장,오전열,58296,ISO9001:2015/ISO14001:2015/ISO 45001:2018,E240189,2024-07-01,,2024-07-01,2027-06-30,"COS, 개폐기, 차단기, 계기용 변성기(전력수급용), 폴리머절연애자, 배전용 폴리머 피뢰기, 퓨즈류, 배전용 폴리머 라인포스트 애자, 변압기류 및 금구류의 설계, 개발, 생산 및 부가서비스",19,,
199,KAB,(주)에스얜에스,인증완료,735-81-02063,전남,전남 나주시 왕곡면 혁신산단7길 105 (덕산리),1,031-351-6337,sns1085@naver.com,031-351-6394,김성장 상무,정영옥,58296,ISO9001:2015/ISO14001:2015/ISO 45001:2018,E240180,2022-09-07,,2025-03-24,2028-03-24,"COS, 개폐기, 차단기, 계기용 변성기(전력수급용), 폴리머절연애자, 항공장애등, 배전용 폴리머 피뢰기, 퓨즈류, 배전용 폴리머 라인포스트 애자, 수배전반, 변압기류, 금구류 및 철탑추락방지장치의 설계, 개발, 생산 및 부가서비스",19,,
200,KAB,갈렙산업개발 (구. 성은산업),인증완료,124-28-31711,경기,경기 화성시 정남면 괘랑2길17번길 45-60,1,031-352-8882,leeduk609@hanmail.net,031-352-8883,한상금 실장,이덕관,18516,ISO 9001:2015,Q240182,2013-07-10,,2025-05-26,2028-07-09,"가로등주(스텐레스, 철재, 복합, 부속자재), 금속기둥, 교통신호등주, 종합폴 및 도로안전표지판지주의 설계, 개발, 생산",17,19,
201,KAB,(주)엔에스에이치,인증완료,623-81-02381,경기,"경기 평택시 진위면 진위2산단로 15-20, 618호 (스마트큐브)",1,031-374-1858,cn.lee@nsh1.co.kr,031-374-1859,이충남 팀장,임원규,17708,ISO 9001:2015,Q240183,2022-06-24,,2025-06-09,2028-06-23,"가스공급장치, Mass Flow Controller (MFC), 가스 레귤레이터의 설계, 개발 및 생산",18,19,
202,KAB,포스텍(주),인증완료,312-86-41285,충남,"충남 천안시 서북구 2공단5로 73 (차암동, 포스텍)",1,041-561-5367,nado6284@daum.net,041-561-5368,최경식 지사장,최경주,31074,ISO 9001:2015,Q240170,2024-04-15,,2024-04-15,2027-04-14,금속표면처리(도금),17,,
203,KAB,(주)제이에스지,인증완료,312-81-57079,충남,충남 천안시 서북구 직산읍 남산2길 221,1,041-584-8895,kimyh@jsgf.com,--,김연화 차장,표지연,31034,ISO 9001:2015,KOR/FSMS/00430/10659,2024-04-01,,2024-05-23,2027-05-22,단체급식에 대한 생산 및 서비스,03,,
204,KAB,(주)인우크로스,인증완료,678-81-01567,광주,광주 서구 무진대로 571-2 (덕흥동),1,070-7713-0675,kim8454004@hanmail.net,0507-890-4785,김숙현 부장,이지나,61900,ISO 45001:2018,OH240166,2024-04-15,,2024-04-15,2027-04-14,"1. 전기공사에 대한 설계, 시공 및 종합감리 2. 정보통신공사에 대한 설계 및 종합감리 3. 신재생에너지의 설계",34,,
205,KAB,한덕화학(주),인증완료,104-81-36755,울산,"울산 남구 여천로217번길 19 (여천동, 롯데정밀화학(주))",1,052-270-6825,mj.han@lotte.net,052-270-6826,한명진 책임,안효택,44714,ISO 14001:2015/ISO 45001:2018,E260414,2025-03-18,2025-03-18,2026-02-09,2028-03-17,EMS: 반도체 현상액 제조(수산화 테트라메틸암모늄) OHS: 반도체 현상액(TMAH)의 제조,12,,
206,KAB,울산광역시 동구청,인증완료,620-83-00073,울산,"울산 동구 봉수로 155 (화정동, 동구청)",3,052-209-3668,black131@korea.kr,052-209-3669,최지석 차석,김종훈,44021,ISO 45001:2018,OH240161,2024-05-07,,2024-05-07,2027-05-06,"공공행정서비스 안전보건경영시스템(안전보건환경관리, 문화복지시설관리, 도시환경정비, 가로수정비, 산림조경관리, 도시방역, 시설물유지관리, 도로하수보수관리 등)",36,,
207,KAB,(주)드림엔지니어링,인증완료,610-81-97674,울산,울산 남구 처용로 790(용연동),1,--,jhyoo@dreamenc.co.kr,--,조영원 부장,유재훈,44784,ISO 45001:2018,OH240175,2016-05-22,,2025-03-24,2028-05-21,압력용기와 산업기계 제작 및 건설플랜트 시공,18,28,
208,KAB,주식회사 오토디스플레이,인증취소,477-88-01605,세종,세종특별자치시 장군면 장척로 397-15 2층 201호,1,070-4024-9925,mgkim@autodisplay.net,0504-044-9925,김경태 본부장,김민구,30053,ISO 9001:2015,Q240148,2024-04-01,,2024-04-01,2027-03-31,"LCD 모니터의 설계, 개발, 생산 및 서비스",19,,
209,KAB,재단법인 울산문화관광재단,인증완료,282-82-00419,울산,울산 울주군 삼남읍 울산역로 255,2,052-255-1814,aakk2277@uctf.or.kr,--,김태훈 과장,오경탁,44951,ISO 45001:2018,E260473,2026-06-22,,2026-06-22,2029-06-21,"관광상품 및 자원개발, 관광정보 및 서비스, 축제 및 행사, 해외홍보 마케팅, MICE사업의 운영 및 관리",36,,
210,KAB,주식회사 다우링에너지,인증완료,622-81-13833,경남,경남 김해시 한림면 김해대로1402번길 147 (신천리),1,055-346-3355,dowring@naver.com,055-346-1114,이정훈 과장,이종호,50853,ISO 45001:2018,E260485,2026-09-07,,2026-09-07,2029-09-06,"화학물질 제조업(정제유기용제, 콘크리트 박리제, 정제유 등)",12,,
211,KAB,(주)금정,인증완료,620-81-10790,울산,울산 울주군 삼남읍 가천금사길 208-13 (가천리),2,--,ksj@gwkg.bizmeka.com,--,김상준 부장,장효동,44953,ISO 45001:2018,OH240141,2023-05-04,,2026-04-30,2029-05-03,"왁스 젤(페인트, 잉크) 및 경화제의 생산 및 판매",12,,
212,KAB,쿠쿠전자 주식회사,인증완료,337-87-00918,경남,경남 양산시 유산공단2길 14 (교동),3,055-380-0741,chsung@cuckoo.co.kr,055-055-0709,성치훈 대리,구본학,50592,ISO 45001:2018,OH240139,2024-03-25,,2024-03-25,2027-03-24,"전기조리기구(밥솥, 레인지, 음식물처리기 등), 식기건조기, 가습기, 애완용 전기 기구의 설계 및 제조",19,,
213,KAB,"SY TECH VINA CO., LTD.",인증완료,230-08-95387,,,2,84222-384-7155,hj.lim@tapesytech.com,84222-384-7156,이해용 과장,정유헌,,ISO 45001:2018,OH240137,2021-04-16,,2024-04-08,2027-04-15,"테이프에 대한 개발, 가공 및 생산",14,,
214,KAB,주식회사 만수,인증완료,305-86-09249,대전,"대전 유성구 테크노2로 309-7 (탑립동, (주)만수)",1,042-361-4889,mansoo33@gmail.com,042-362-4889,고윤진 사원,조은미,34037,ISO 45001:2018,OH240132,2024-03-11,,2024-03-11,2027-03-10,"공구류, 지그류, 정밀가공품의 설계, 개발, 제조",18,,
215,KAB,켄코아에어로스페이스(주),인증완료,613-81-69798,경남,경남 사천시 용현면 종포산단로 172 (신촌리),2,070-4864-2612,shinjisu@kencoa.com,--,신지수 과장 강경래 과장,케네스민규리,52537,ISO 45001:2018,OH240131,2023-06-30,,2026-06-29,2029-06-29,항공기 부품(프레임 등)의 조립과 생산,17,,
216,KAB,재단법인 중소조선연구원,인증완료,114-82-05464,부산,부산 강서구 녹산산단232로 38-6 (송정동),2,051-974-5501,kimhj@rims.re.kr,--,김희제 선임,서용석,46757,ISO 45001:2018,OH240130,2023-03-28,,2026-03-26,2029-03-27,선박연구개발 및 시험,34,35,
217,KAB,주식회사 신일케미칼,인증완료,178-87-02281,경기,"경기 하남시 조정대로 150 (덕풍동, 아이테코)",1,031-790-0812,shinilcoltd@naver.com,031-790-0813,조영기 차장,이재준,12930,ISO 9001:2015,Q240125,2024-02-13,,2024-02-13,2027-02-12,"철도차량 부품 (유니텍스, 레벨링컴파운드, 지붕도막재, 방음도료, 내화도료), 자동차 부품(언더코팅제)의 생산",12,,
218,KAB,강유건설 주식회사,인증완료,621-81-90782,부산,"부산 금정구 팔송로 45 (남산동, 2층)",1,051-583-9312,kil6213@naver.com,051-583-9313,이광일 과장,강정일,46221,ISO 45001:2018,OH240111,2024-01-15,,2024-01-15,2027-01-14,지반조성포장공사업 (주력:포장공사),28,,
219,KAB,(주)선우컨스텍,인증완료,611-81-23796,부산,"부산광역시 해운대구 APEC로 17, 24층 2401-1호 (우동, 센텀리더스마크)",1,051-714-5652,sunwoo-17@naver.com,051-714-5653,박병훈 차장,강준구,48060,ISO9001:2015/ISO14001:2015/ISO 45001:2018,E230107,2024-01-15,,2024-01-15,2027-01-14,"지반조성포장공사업(주력:포장공사), 도장습식방수석공사((주력:도장공사), 철큰콘크리트공사업(주력:철근콘크리트공사), 상.하수도공사업(주력:상.하수도설비공사)",28,,
220,KAB,(주)태진에이엔티,인증완료,513-81-63363,경북,경북 구미시 3공단1로 112-7 (시미동),2,054-712-3306,tj63363@naver.com,054-476-3704,정용민 대리,장정희,39403,ISO 14001:2015,E230104,2024-01-08,,2024-01-08,2027-01-07,자동차 내장용 및 외장용 플라스틱 부품의 사출 및 도장,14,,
221,KAB,한국풀운영 주식회사,인증완료,312-86-21936,서울,"서울 마포구 마포대로 63-8 (도화동, 삼창프라자빌딩)",2,02-704-8101,hyhwang@logisall.com,02-704-8102,황효용 과장,조성재,4157,ISO 45001:2018,OH230103,2024-01-22,,2024-01-22,2027-01-21,창고관리 및 물류관리 사업,31,,
222,KAB,(주)씨에이치바이오,인증완료,316-85-08452,충남,"충남 예산군 삽교읍 산단3길 226, 203호",1,031-492-3123,Ch-bio@naver.com,031-493-3123,정진구 이사,정화,32415,ISO 9001:2015/ISO 22716:2007,C250289,2025-02-24,,2025-02-24,2028-02-23,화장품(여성청결제)와 기초화장품의 제조,12,A-03,
223,KAB,주식회사 웰스테크,인증완료,550-87-02203,경기,"경기 하남시 미사대로 520 (덕풍동, 현대지식산업센터 한강미사2차(25BL))",1,031-8018-4607,wells6707@naver.com,031-8018-4609,조문기 차장,박은숙,12925,ISO9001:2015/ISO14001:2015/ISO 45001:2018,E250403,2026-01-19,,2026-01-19,2029-01-18,산업플랜트(폴리머자동용해장치 등)의 제작 및 설치,18,,
224,KAB,주식회사 이페스,인증완료,382-86-00298,경기,경기 화성시 향남읍 토성로 362-37 (요리),1,031-898-6504,"sulyw@hanmail.net, offiseol6504@naver.com",031-898-6505,설지훈 차장,설연우,18624,ISO9001:2015/ISO14001:2015/ISO 45001:2018,E230088,2022-12-19,,2025-12-15,2028-12-18,"25.8kV 가스절연부하개폐기(지중용), 25.8kV 가스절연부하개폐기(가공용/공사용), 25.8 kV 에폭시 절연부하 개폐기(지중용), 25.8 kV 반지상형 에폭시 절연부하 개폐기, 25.8kV 폴리머 컷아우트스위치, 25.8kV 주상변압기 COS용 한류형 퓨즈, 25.8kV Eco-부하개폐기 (가공용), 25.8kV 배전자동화용 폴리머 Recloser, 25.8kV 배전자동화용 Recloser, 25.8kV 에폭시 절연 고장구간 차단기(가공용), 25.8kV 친환경 가스절연 고장구간차단기(가공용), 25.8kV 일반형 공기절연 부하개폐기(지중용), 25.8kV Dry air 절연 부하개폐기(지중용), 25.8kV 친환경 가스절연부하개폐기(가공용), 25.8kV 친환경 가스 및 고체 절연 개폐장치, 라인포스트 애자, 리드선 부착형 배전용 폴리머 피뢰기, 단로기, 접지개폐기, 25.8kV 가스절연 다회로차단기(지중용), 25.8kV 에폭시 절연 다회로차단기, 25.8kV 배전자동화용 에폭시절연 방향성 다회로차단기(지중용), 25.8kV 에폭시 절연 고속도 전원 절환 다회로 차단기 (지중용), 금구류 및 철탑 추락방지장치, 특고압 가공케이블용 엘보접속형 분기개폐기의 설계, 개발 및 제조",19,,
225,KAB,Talofa Systems American Samoa Inc.,인증취소,244-7-,,,2,001684-644-2054,nyh3082@dongwon.com,00--,남윤협 과장,김지성,,ISO 9001:2015,FSSC-1498,2025-08-14,2024-06-03,2025-08-14,2027-06-02,"식품산업용 금속포장용기(DRD CAN, LID)의 생산",17,,
226,KAB,홍해기술(주),인증완료,610-81-13674,울산,울산 남구 수암로 34,1,052-257-8290,redseask@gmail.com,--,서상호 과장,방준엽,44740,ISO 45001:2018,OH230074,2024-01-22,,2024-01-22,2027-01-21,"기계설치공사, 철구조물 공사 및 배관공사",28,,
227,KAB,대구광역시 북구청,인증완료,504-83-01300,대구,대구 북구 옥산로 65 (침산동),4,053-665-2283,lsh2022@korea.kr,--,이상헌 팀장,배광식,41590,ISO 45001:2018,OH230069,2023-12-11,,2023-12-11,2026-12-10,공공행정 서비스,36,,
228,KAB,(주)코엔텍,인증완료,610-81-16574,울산,울산 남구 용잠로 328 (용잠동),2,052-228-7282,jinsan3918@koentec.co.kr,052-228-7270,김진산 주임,김재일,44783,ISO 45001:2018,SKOR/OH&SMS/00015/10564,2022-06-10,,2025-07-14,2028-06-09,산업폐기물 처리 및 폐열 회수 증기 공급,35,,
229,KAB,영농조합법인 와이즈케어,인증취소,753-87-00798,충북,충북 음성군 생극면 임곡길 119-1 (송곡리),1,043-878-4413,lsw449@naver.com,--,이승우 대표,이승우,27615,ISO 22000:2018,KSFA-232329,2023-11-27,,2023-11-27,2026-11-26,"참기름, 들기름, 볶음 통깨의 제조",03,,
230,KAB,신한과학티아이 주식회사,인증완료,217-81-45749,서울,"서울 노원구 노원로15길 10 (하계동, 하계테크노타운 A동)",1,02-973-5300,sjkim@shin-hanti.com,02-973-9989,김소정,허창영,1788,ISO 45001:2018,OH230066,2023-11-27,,2023-11-27,2026-11-26,"정밀분석기기 및 과학기기의 판매, 설치 및 유지보수",29,,
231,KAB,주식회사 디에스글로벌이씨엠,인증완료,131-86-50827,서울,"서울 금천구 벚꽃로 278, 1507호",1,070-4009-7928,jhkimmusic@gmail.com,02-3397-0099,김진환 상무,박경룡,8511,ISO 45001:2018,OH230063,2023-12-04,,2026-08-31,2029-12-03,철강구조물 공사업,28,,
232,KAB,주식회사 동특,인증완료,107-86-05241,서울,"서울 영등포구 국제금융로 70, 1005호 (여의도동)",1,02-3215-5022,honey1518@dongteuk.com,02-3215-5050,박세환 과장,윤강훈,7333,ISO 9001:2015,OH230061,2020-03-27,,2026-03-23,2029-03-26,"화학제품, 기타 제품에 관한 취급, 보관 및 운송",31,,
233,KAB,우신특수강 주식회사,인증완료,514-81-36326,경북,경북 영천시 금호읍 영천산단로 120,2,054-337-4100,ltk91@wooshinsteel.com,054-337-4103,임태규 과장,도병무,38899,ISO 45001:2018,OH230059,2022-04-29,,2025-04-14,2028-04-28,자동차 및 산업용 와이어 가공 및 열처리,17,,
234,KAB,효림이엔아이(주),인증완료,207-81-37349,경기,"경기도 성남시 분당구 야탑로 96-8 (야탑동, 상우빌딩 2층)",2,070-7492-2346,hwanghk@hyorim.co.kr,031-781-6077,황혜경 차장,"남태훈, 신호준",13517,ISO9001:2015/ISO14001:2015/ISO 45001:2018,E230057,2014-01-08,,2025-12-01,2028-12-25,"- 원자력/발전/석유화학 플랜트의 취수, 폐수처리, 수처리, (기계)설비, 상수/정수/폐수/하수 등의 수처리 (기계)설비와 하천 보/수문, 쓰레기 자동집하 설비, 음식물 쓰레기 종량기기에 대한 설계,개발, 생산 및 설치 - 신재생에너지(태양광발전 등) 개발, 설계, 건설, 관리운영",18,28,
235,KAB,디와이산업개발 주식회사,인증완료,610-86-17715,울산,울산 울주군 온산읍 덕신로 353 (화산리),1,052-260-9983,dy17715@naver.com,052-260-8044,임유정 주임,최희철,45000,ISO9001:2015/ISO14001:2015/ISO 45001:2018,E230054,2016-05-04,,2025-04-07,2028-05-03,산업용 설비의 세정 및 유지보수 서비스,35,,
236,KAB,청하에그린,인증완료,508-98-82099,경북,경북 포항시 북구 청하면 동해대로 2255 (고현리),1,054-232-1144,chungha1144@nate.com,054-232-1255,최지웅 팀장,박한수외 1명,37519,ISO 45001:2018,OH230052,2023-12-04,,2023-12-04,2026-12-03,계란의 판매,29,,
237,KAB,주식회사 정진이엔지,인증완료,446-81-01204,충남,충남 당진시 순성면 순성로 355,1,041-356-7842,jjeng0720@naver.com,041-358-7843,박성민 부장,김병우,31757,ISO 45001:2018,OH230051,2023-11-13,,2023-11-13,2026-11-12,"1. 금속구조물의 설계, 개발 및 제조 2. 금속구조물 설치공사, 비계 설치 및 해체공사",17,28,
238,KAB,주식회사 제일에프앤씨,인증완료,575-88-00860,경기,경기 양주시 옥정동로7다길 74 6층 6525호 (옥정동),1,031-227-2767,cm3638@naver.com,031-298-0940,강의신 공장장,권정균,11473,ISO 9001:2015,Q230050,2023-11-13,,2023-11-13,2026-11-12,1. 금속구조체(내진 무용접 파이프)의 제조 2. 융복합외장마감재의 제조,17,,
239,KAB,주식회사 아르고스다인,인증취소,466-86-00994,경기,경기 용인시 기흥구 기흥로 58-1 A동 13층 1306호(구갈동),1,070-5102-1388,junrae@argosdyne.com,--,김준래 이사,정승호,16976,ISO 9001:2015,Q230048,2021-11-15,,2024-10-21,2027-11-14,"1. 드론, 지상운영 장비에 대한 설계, 개발 및 제조 2. 드론, 지상운영 장비에 대한 시스템 소프트웨어 개발 및 서비스",19,33,
240,KAB,(주)메탈이노베이션코리아,인증취소,382-81-00217,경기,경기 평택시 청북읍 청오로 439-65 (토진리),1,031-647-3423,seunghun_beak@m-i-k.co.kr,031-647-3425,백승훈 차장,김갑민,17797,ISO 9001:2015,Q230047,2016-12-12,2022-12-12,2023-11-06,2025-12-11,"반도체, LCD 부품 조립 및 인력 파견",19,35,
241,KAB,(주)아이씨티이엔지,인증완료,255-86-00958,대전,대전 유성구 테크노2로 323-25 (탑립동),1,042-931-8895,goodict@naver.com,042-931-8896,정빈 차장,장명관,34037,ISO9001:2015/ISO45001:2018,OH240250,2023-10-17,2023-10-17,2024-09-02,2026-10-16,"기계 및 자동화 설비의 생산, 설치 및 유지보수",18,,
242,KAB,주식회사 남경테크,인증완료,482-88-00724,경기,경기 화성시 세자로442번길 10-9 (안녕동),1,031-225-7638,nk7638@naver.com,031-898-7638,조형용 대표이사,조형용,18326,ISO 9001:2015,Q230045,2023-11-13,,2023-11-13,2026-11-12,"진공 펌프 배관 부품 및 정수기 부품의 설계, 개발 및 제조",17,,
243,KAB,보성파워텍(주),인증완료,134-81-02237,충북,"충북 충주시 주덕읍 대창길 38, 53, 70 (대곡리, 보성파워텍(주))",2,043-857-0311,min32077@bosungpower.co.kr,043-857-0315,김민수 차장,임재황,27463,ISO9001:2015/ISO14001:2015/ISO 45001:2018,OH230041,2023-11-06,,2025-11-03,2028-11-24,"- 전기회로 개폐보호 및 접속장치(개폐기류, 스위치류, 피뢰기류, 전선퓨즈류), 변압기류, 애자류, 리액터류, 합성수지(절연카버류, 계기함류), 전기차 충전기, AMI용 DCU, 송배전 금구류, 항공장애등, 배터리 에너지 저장장치, 철탑 및 철구조물(강관폴 포함)의 설계, 개발 및 제조 - 충주공장 상기인증범위 포함 추가 인증범위: 전기공사, 신?재생에너지설치공사, 정보통신공사",17,19,28
244,KAB,경덕전력(주),인증완료,502-81-30237,대구,대구 수성구 무학로37안길 28-29 (지산동),1,053-764-8606,idfact120926@hanmail.net,053-768-8606,김창욱 부장,"백흠도, 정화식",42184,ISO 45001:2018,OH230036,2022-11-18,,2025-10-27,2028-11-17,"전기공사, 소방시설공사의 시공",28,,
245,KAB,대동전장(주),인증취소,514-81-36971,경북,경북 구미시 3공단3로 102 (시미동),1,054-471-3664,,054-471-3662,박진영,변동일,39414,ISO 45001:2018,OH230033,2023-10-30,,2023-10-30,2026-10-29,와이어 하네스 및 코일 몰딩 조립 및 제조,19,,
246,KAB,디에이치튜브(주),인증완료,514-81-22195,경남,"경남 창녕군 성산면 후천공단길 29 (후천리, DH튜브주식회사)",1,055-532-8462,dh@dhtube.co.kr,055-532-8465,신점기 이사,문대국,50311,ISO 45001:2018,OH230032,2023-10-23,,2023-10-23,2026-10-22,"에어컨디셔닝시스템, 파워스티어링시스템, 파워브레이크시스템, 연료시스템, 냉각시스템, 파워트레인시스템 및 가공 부품용 튜브 및 피팅 어셈블리 제조",17,,
247,KAB,주식회사 아스트로스,인증취소,895-88-01050,서울,"서울 광진구 능동로 259, 성운빌딩 6층",1,02-6213-2514,Srlee@astros.co.kr,--,이세롬 과장,신창호,4998,ISO 9001:2015,Q230034,2022-10-20,,2025-09-29,2028-10-19,"산업기자재 및 냉동, 냉장육 수출입 무역",29,,
248,KAB,에스케이어드밴스드주식회사,인증완료,610-86-30246,울산,울산 남구 용연로 299 (황성동),3,052-901-8850,youngsuk_lee@sk.com,052-911-1180,이영석 매니저,김철진,44784,ISO 45001:2018,OH230029,2022-12-23,,2025-11-10,2028-12-22,프로필렌의 제조,12,,
249,KAB,동원시스템즈(주) 함안공장,인증완료,123-81-15163,경남,"경남 함안군 함안면 봉수로 722 (파수리, 동원시스템즈)",2,055-582-4445,codyd8212@dongwon.com,055-583-6265,이채용 과장,"조점근, 서범원, 장성학",52052,ISO9001:2015/ISO14001:2015/ISO 45001:2018,23-F-1123,2019-04-11,,2023-11-14,2027-01-03,"금속 포장 용기 (DRD CAN, E.O.E)의 생산",17,,
250,KAB,노바메저링인스트루먼트코리아 주식회사,인증완료,124-87-09123,경기,경기 화성시 동탄대로23길 93 (영천동),2,070-8630-4483,yvonne-k@novami.com,--,김예은 과장,정재강,18468,ISO9001:2015/ISO14001:2015/ISO 45001:2018,E230018,2019-08-14,,2025-08-11,2028-08-13,"반도체 분석 장비(치수 측정, 재료 측정, 화학 측정)의 판매, 설치 및 유지보수",29,34,
251,KAB,(주)에이스테크,인증완료,416-81-11093,전남,전남 광양시 중마중앙로 215 (중동),1,070-7713-0675,kim8454004@hanmail.net,062-384-6334,김숙현 부장,서순임,57777,ISO 9001:2015,OH230078,2023-09-15,,2026-06-15,2029-09-14,"1. 전기공사에 대한 설계, 시공 및 종합감리 2. 정보통신공사에 대한 설계 및 종합감리 3. 신재생에너지(열분야, 전기분야, 연료전지)의 설계 및 시공 4. 태양광 발전장치의 설계, 제조, 설치 및 유지보수 5. 태양열 집열기의 설치 및 유지보수 6. 태양광발전 접속함의 설계 및 제조 7. 기계가스설비공사의 시공 8. 금속창호, 지붕건축물조립공사의 시공",19,28,34
252,KAB,주식회사 다함푸드,인증완료,452-87-02160,대구,대구 달서구 성서공단로 332-10 (월성동),1,053-721-7794,dahamfood@dahamfood.co.kr,070-8270-7784,김혜진 주임,손정수,42722,ISO 22000:2018,KOR/FSMS/00436/12310,2023-08-14,,2026-08-14,2029-08-13,즉석섭취식품의 가공,CⅢ,,
253,KAB,(주)선진이디에스,인증완료,142-81-44621,경기,경기 용인시 처인구 포곡읍 한금로 98 (금어리),1,031-767-4160,sunjin2013@hanmail.net,031-333-4160,황미경 부장,노은동,17030,ISO 9001:2015/ISO 14001:2015,SKOR/EMS/00030/10209,2023-08-22,,2026-08-22,2029-08-21,광고물(전광판등) 및 금속구조물 제작 및 설치,19,23,
254,KAB,삼양스퀘어밀 주식회사,인증완료,129-81-04193,세종,세종특별자치시 연서면 공단로 157,3,044-862-8222,kjhan@roundsquare.ai,--,한경재 팀장,김래영,30058,ISO 45001:2018,OH250339,2023-07-20,,2026-07-13,2029-07-19,냉동식품 제조,03,,
255,KAB,강호정보통신(주),인증완료,221-81-23803,강원,강원특별자치도 춘천시 남산면 보매기길 74 (창촌리),1,033-262-1570,dbvhfl1005@naver.com,033-262-1571,신성진 팀장,용석봉,24465,ISO9001:2015/ISO45001:2018,OH240209,2023-07-28,,2026-06-29,2029-07-27,"전기공사, 정보통신공사 및 유지보수",28,,
256,KAB,칼랩스,인증완료,816-03-00707,인천,인천 남동구 남동서로269번길 34 (논현동),1,032-721-6290,mankanglee1@nate.com,070-4009-8482,이강만 공장장,김명선 외 1명,21634,ISO 9001:2015/ISO 22716:2007,C240230,2023-08-07,,2026-07-13,2029-08-06,"화장품(기초화장용 제품, 기능성 화장품, 두발용 제품)의 제조",12,A-08,A-11
257,KAB,올거나이즈코리아 주식회사,인증완료,733-81-01035,서울,서울 강남구 테헤란로20길 5,1,02-561-0103,donghoon.jang@allganize.ai,--,장동훈 팀장/한울매니저,이창수,6236,ISO 27001:2013,26-G-0211,2023-07-11,,2026-07-10,2029-07-10,"AI Solution 개발, 설치 및 유지보수",3321,,
258,KAB,주식회사 창경,인증완료,416-81-69557,전남,전남 광양시 옥곡면 신금산단5길 11 (신금리),1,061-772-8133,bsj3674@hanmail.net,--,백성주 대표,백성주,57714,ISO 9001:2015,Q240193,2023-06-26,,2026-06-01,2029-06-25,"고/저전압 수배전반, 전기, 전자, 자동화 기기의 설계 및 제조",19,,
259,KAB,주식회사 세이프,,561-88-02248,울산,울산 남구 두왕로48번길 19 (선암동),1,052-707-2119,seohu@daum.net,052-707-3119,서환욱 전무,이상범,44774,ISO 9001:2015,,2023-06-26,,2026-06-01,2029-06-25,비파괴 검사 및 기술용역 서비스,34,,
260,KAB,한성분체,인증완료,143-01-22012,경기,경기 화성시 장안면 장안로309번가길 8-16 (독정리),1,031-356-0733,jysn3332@naver.com,031-356-0744,지현호 팀장,"지영식, 이희정",18583,ISO 9001:2015,Q240202,2023-05-30,,2026-05-06,2029-05-29,금속제품의 분체도장,12,,
261,KAB,주식회사 승광이엔지,인증완료,416-81-61536,전남,전남 광양시 도촌길 46 (광영동),1,061-791-4982,sgeng4982@hanmail.net,061-791-4983,최광림 대표이사,최광림,57724,ISO 45001:2018,OH240192,2023-06-14,,2026-06-01,2029-06-13,전기공사,28,,
262,KAB,주식회사 하나시스템,인증완료,416-81-22339,전남,전남 광양시 중동1길 22 (중동),1,061-791-3511,ksgo1015@hanmail.net,061-791-3516,강성구 이사,박태진,57784,ISO 45001:2018,OH240200,2023-06-14,,2026-05-18,2029-06-13,전기공사와 계장공사,28,,
263,KAB,울산광역시 남구청,인증완료,610-83-02604,울산,"울산 남구 돋질로 233 (달동, 울산광역시 남구청)",5,052-226-3162,florisy@korea.kr,--,이시영 주무관,서동욱,44701,ISO 45001:2018,OH240219,2023-05-15,,2026-05-14,2029-05-14,"공공행정서비스(환경관리, 건축물관리, 조경관리, 도로유지보수 등)의 안전보건경영시스템",36,,
264,KAB,주식회사 디온아이티,인증완료,401-86-02073,서울,"서울 강서구 공항대로 247 1128호,1129호 (마곡동, 퀸즈파크나인)",1,00-1600-8461,jo.kim@toit.co.kr,0504-345-1671,김종오 대표이사,김종오,7803,ISO 9001:2015,Q260453,2026-04-27,,2026-04-27,2029-04-26,"정보통신장비의 설치, 유지보수 및 판매/ 콜센터의 설치, 운영 및 유지보수/ 소프트웨어 개발",29,33,35
265,KAB,세명엔지니어링(주),,--,경기,경기 용인시 기흥구 언동로 210-6 (상하동),,031-895-2391,wanki.park@engsm.kr,031-282-1096,박완기 과장,"김석현, 김삼동",16986,ISO 9001:2015/ISO 14001:2015/ISO 45001:2018,,2026-04-27,,2026-04-27,2029-04-26,수배전반의 생산,2841,,
266,KAB,정안건설(주),인증완료,515-81-10090,경북,경북 고령군 다산면 상곡4길 58 (상곡리),1,053-633-4588,jd4588@naver.com,--,유종철 이사,김지태,40106,ISO 45001:2018,OH240126,2023-04-07,,2026-03-23,2029-04-06,"토목건축공사, 조경공사, 전기공사, 소방시설공사의 시공",28,,
267,KAB,유아이 주식회사,심사보류,626-86-02783,경남,경남 사천시 삼상로 624 (이홀동),1,055-832-8612,jhlee@uicorporation.co.kr,--,이정희 이사,배기수,52549,ISO 9001:2015,Q240122,,2023-03-27,,2026-03-26,철구조물의 생산,17,,
268,KAB,주식회사 고엘,인증취소,624-88-01860,경북,경북 구미시 1공단로5길 36-8 (공단동),1,054-462-0411,goeleng@daum.net,054-462-0825,황창수 이사,성낙연,39372,KS Q ISO 45001:2018,OH230028,2023-04-10,2023-04-10,2023-09-27,2026-04-09,기계의 제조 (유리 세정기 및 검사기 등),18,,
269,KAB,엠스푸드 주식회사,인증취소,503-81-92783,경북,경북 고령군 쌍림면 영서로 3380 (송림리),1,054-954-9300,ms@m-sfood.co.kr,0303-3445-5000,한진영,전해명,40164,FSSC 22000 (Version 5.1),23-F-0979,2023-02-23,,2023-02-23,2026-02-22,냉동피자 및 도우의 제조,CⅢ,,
270,KAB,(주)에스제이인터내셔널,,--,강원,강원 춘천시 강원대학길 1,,070-8860-6479,sjsj6479@gmail.com,--,한금자 이사,오용환,24341,ISO 9001:2015/ISO 14001:2015,,2023-02-23,,2023-02-23,2026-02-22,"기초화장품, 화장품 원료의 개발 및 제조",1211,,
271,KAB,영농조합법인 풍기인삼나라,,512-81-16964,경북,경북 영주시 풍기읍 소백로 2156 (산법리),,054-634-3489,365ceoo@naver.com,--,김영식 대표,김영식,36041,FSSC 22000 (Version 5.1),,2023-02-23,,2023-02-23,2026-02-22,홍삼 제품의 제조,CⅣ,,
272,KAB,(주)대도F&D,인증완료,227-81-19549,강원,강원특별자치도 속초시 농공단지길 115 (대포동),2,033-636-8881,daedofnd@daum.net / wmj5913@naver.com,--,우민정,최진아,24899,FSSC 22000 (Version 6),25-FSSC-0488,2021-09-16,2024-08-02,2025-09-04,2028-09-03,"동결건조 식품(육류, 해산물, 야채, 요거트, 혼합제품, 즉석조리식품(국류, 양념소스류), 파우더제품(요거트, 버섯))의 제조",CⅢ,CⅣ,
273,KAB,주식회사 제우스,,--,제주,제주특별자치도 제주시 첨단로 175 (영평동),,064-724-0001,production@jeuscorp.com,--,이재기 팀장,김한상,63309,ISO 22000:2018,,2021-09-16,2024-08-02,2025-09-04,2028-09-03,"건조식품(감귤, 사과), 곡물가공품(그래놀라)의 제조",CⅣ,,
274,KAB,주식회사 씨에스상사,,225-81-19640,강원,강원 삼척시 도계읍 강원남부로 2048-134,1,00-1577-9365,cscoltd@naver.com,--,이창하 대표,이창하,25945,ISO 9001:2015,,2021-09-16,2024-08-02,2025-09-04,2028-09-03,"이불 및 침구류에 대한 설계, 개발, 생산 및 서비스",1351,,
275,KAB,주식회사 왕도방식,인증완료,132-86-04817,충남,충청남도 천안시 서북구 입장면 위례산길 258,1,02-556-5154,gunni81@naver.com,02-565-1865,김영균 대표,김영균,31059,ISO9001:2015/ISO14001:2015/ISO 45001:2018,E230100,2022-12-20,,2025-12-08,2028-12-19,"Q: 1. 전기공사 2. 전기방식 설계, 제조 및 설치 3. 외부전원용 정류기의 설계 및 제조 EOH: 1. 전기공사 2. 전기방식 설계, 제조 및 설치",19,28,
276,KAB,인피니티에너지 주식회사,,105-87-94371,서울,"서울 금천구 가산디지털1로 226 (가산동, 에이스하이엔드타워5차)",1,070-5121-8934,jh.kyoung@infinityene.co.kr,--,경준현 팀장,김성일,8502,ISO 9001:2015/ISO 14001:2015,,2022-12-20,,2025-12-08,2028-12-19,"1. 연료전지의 제조 및 시공 2. 태양광 접속함의 설계/개발 및 제조 3. 스마트 벤치의 개발, 제조 및 시공 4. BIPV용 개발 모듈 모니터링 시스템의 설계/개발 및 제조 5. 태양광 발전설비의 시공",19,28,
277,KAB,(주)광일엔지니어링,인증완료,416-81-31589,전남,전라남도 광양시 남산3길 35 (광영동),1,061-794-3545,kwang2175@hanmail.net,061-791-3545,신은옥 과장,최수경,57722,ISO 45001:2018,OH260416,2023-02-03,,2026-01-19,2029-02-02,"전기통신, 기계설치, 배관의 제조 및 시공",17,18,"19,28"
278,KAB,"FINE MS VINA CO., LTD",인증완료,230-08-51647,,,1,098-118-4081,sy4982@finemtec.com,--,정선용 이사,,,ISO 27001:2013,25-G-0135,2022-09-14,,2025-06-27,2028-09-13,"산업용 부품 프레스 가공, 사출 성형 및 조립",2769,,
279,KAB,(주)동연특수,인증완료,505-81-41499,경북,경상북도 포항시 남구 철강로 468(장흥동),1,054-293-7251,Dongyeon1004@nate.com,054-293-7252,박기진 과장,김동명,37872,ISO 14001:2015/ISO 45001:2018,E230004,2022-10-11,,2025-08-18,2028-10-10,"철강제품에 대한 취급, 보관 및 운송",31,,
280,KAB,전원산업,인증완료,301-33-71482,충북,충북 청주시 청원구 북이면 팔결신대로 471 (내둔리),1,043-211-0148,junwon0148@hanmail.net,--,김태성 대표,김태성,28138,ISO 9001:2015/ISO 14001:2015,E230025,2020-10-26,,2026-09-21,2029-10-25,변압기의 제조,19,,
281,KAB,(주)대영통신,인증완료,514-81-35521,대구,대구 달성군 논공읍 논공로91길 54-19 (본리리),1,053-641-2900,daeyoung2900@hanmail.net,053-617-2288,오현옥 과장,김명대,42983,ISO 45001:2018,OH230046,2022-11-21,,2025-11-20,2028-11-20,1. 정보통신공사 2. 전기공사 3. 기계설비공사,28,,
282,KAB,주식회사 주상엔지니어링,인증완료,293-81-01779,전남,전남 고흥군 풍양면 고흥로 892 (고옥리),1,061-817-0200,kkk9756@hanmail.net,061-817-0300,김민강 대표,김민강,59548,ISO 9001:2015,Q230043,2022-11-26,,2025-11-17,2028-11-25,"1. 태양광발전 접속함의 설계 및 제조 2. 태양광발전 장치의 설치 및 유지보수 3. 전기공사에 대한 설계, 시공 및 종합감리",19,28,34
283,KAB,주식회사 케이비팩토리,인증완료,504-86-17948,대구,대구 중구 재마루길 10 (남산동),1,053-252-7900,kb2501240@gmail.com,--,이재길 실장,박준우,41964,ISO 45001:2018,SKOR/OH&SMS/00005/9507,2022-10-11,,2025-10-11,2028-10-10,"인쇄물(디지털 인쇄, 옵셋 인쇄 및 마스터인쇄)의 디자인 및 제조",09,,
284,KAB,다예 (구.다좋은푸드),인증완료,134-87-05293,경기,경기 시흥시 군자로335번길 31 (거모동),1,070-8667-0615,dayemall@naver.com,--,신정 팀장,김정자,15004,FSSC 22000 (Version 6),25-FSSC-0262,2022-01-20,,2025-01-15,2028-01-19,다(Tea)류의 생산,CⅣ,,
285,KAB,(주)신안플랜트,인증완료,311-81-38098,충남,충남 당진시 송산면 애미시길 12 (무수리),1,041-355-1075,ah1002@shinanplant.co.kr,041-355-1076,남아현 이사,김덕수,31712,ISO9001:2015/ISO14001:2015/ISO 45001:2018,E240248,2024-03-18,,2025-03-17,2028-03-16,"기계배관(발전, 제철, 화학 설비), 가스배관, 플랜트설비에 대한 제작, 시공, 유지보수",17,28,
286,KAB,황도,심사진행,617-05-52392,경남,경남 김해시 생림면 봉림로 105 (봉림리),1,055-342-4237,huangdo@daum.net,055-342-4234,김명관 과장,김진도,50800,ISO 9001:2015,KSQA-211944,,,,,"플라스틱 완구(슬라이드 제품, 슬라이드 & 스윙 제품, 플레이하우스, 베이비룸, 놀이완구 등)의 개발, 제조 및 판매",23,29,
287,KAB,주식회사 오파스넷,인증완료,204-81-88475,서울,"서울 강남구 테헤란로 512, 10층(대치동, 신안빌딩)",2,02-2193-8600,jhkang@opasnet.co.kr,02-553-6513,강정훈 프로,장수현,6179,ISO 9001:2015,Q260476,2014-04-11,2026-06-29,2026-06-29,2028-09-01,1. 통신장비의 설치 및 시공 2. 소프트웨어의 개발,28,33,
288,KAB,(주)대한에스엠피,,--,전북,전북 순창군 순창읍 순화로 28 (순화리),,00-1899-8863,c1552711@hanmail.net,--,설기환 대리,설봉환,56039,ISO 9001:2015,,2014-04-11,2026-06-29,2026-06-29,2028-09-01,태양광 발전시스템 설계 및 설치공사,2841,,
289,KAB,화이버트론 주식회사,,269-87-00497,경기,"경기도 용인시 기흥구 동백중앙로16번길 16-4(에이스 동백타워, 1동 1405호)",1,031-777-5612,,--,,배일호,17015,ISO 9001:2015,,2014-04-11,2026-06-29,2026-06-29,2028-09-01,"감시제어장비 시스템(Fiber Optic Sensor Assembly, Optical Sensing & Monitoring Unit)의 제조",1921,,
290,KAB,한라식품,인증취소,511-02-82428,경북,경북 상주시 함창읍 영동길 9-15 (오동리),1,054-541-5112,hallafood@hallafood.com,054-541-5114,박현숙 부장,이재한,37112,FSSC 22000 (Version 5.1),20-F-0414,2020-10-20,,2023-10-20,2026-10-19,참치소스의 제조,CⅣ,,
291,KAB,아이엔지텍 주식회사,인증완료,503-81-64123,대구,"대구 중구 동덕로 115, 1907호 (삼덕동2가, 진석타워)",1,053-429-8678,sonbuk@nate.com,053-429-7589,오정훈 과장,손병욱,41940,ISO 45001:2018,OH230016,2022-10-07,,2025-09-29,2028-10-06,전기 공사,28,,
292,KAB,쏭푸드시스템 주식회사,,468-87-01676,경기,경기 수원시 권선구 수성로 8 (구운동),1,031-296-6289,ssongfoods@naver.com,--,박지희 대리,송혜령,16426,ISO 22000:2018,,2022-10-07,,2025-09-29,2028-10-06,건조과일칩 및 초콜릿 가공품의 생산 및 판매서비스,CⅣ,,
293,KAB,(주)이엠알,인증취소,124-81-46470,경기,경기 화성시 남양읍 현대기아로 733-6 (북양리),1,031-352-5555,emr8740@naver.com,031-356-5542,김나영 차장,김일두,18255,ISO 14001:2015,SKOR/EMS/00031/11100,2024-12-17,,2024-12-17,2027-12-16,폐기물 재활용 및 중간처리에 대한 생산 및 부가서비스,24,39,
294,KAB,은성솔루션 주식회사,인증완료,621-87-01942,경기,경기 화성시 효행로 556-34 (안녕동),1,070-4176-2884,es62187@naver.com,031-236-9986,남현수 대표,남현수,18325,ISO9001:2015/ISO14001:2015/ISO 45001:2018,E260501,2022-09-19,,2025-09-08,2028-09-18,태양광 발전 장치의 설치 및 유지보수,28,,
295,KAB,(주)씨앤제이어페럴,,212-86-02605,서울,"서울 강동구 양재대로124길 32 (길동, 동서울오네뜨)",1,02-471-9988,taeyoung66@naver.com,02-471-2664,이대우 전무,안주현,5303,ISO 9001:2015/ISO 14001:2015,,2022-09-19,,2025-09-08,2028-09-18,"화학물질보호복, 일반 의류의 설계, 개발, 생산 및 판매",1351,,
296,KAB,H2C,,126-29-16197,세종,세종특별자치시 연서면 부국길 133 (국촌리),1,044-863-3572,wonilri@daum.net,--,손원일 팀장,이시영,30047,ISO 9001:2015/ISO 14001:2015,,2022-09-19,,2025-09-08,2028-09-18,농업용 기계의 제조,1811,,
297,KAB,(주)공영홈쇼핑 - 품질혁신팀,인증완료,105-88-15349,서울,"서울 마포구 상암산로 34, 18층",1,02-6350-8569,joseph@gongyoung.kr,02-6350-8612,채문석 대리,이일용,3909,ISO 9001:2015,Q240249,2020-09-25,,2026-08-18,2029-09-24,방송판매상품에 대한 품질보증,35,,
298,KAB,지에이이앤씨(주),인증완료,129-81-44254,경기,"경기 하남시 미사강변한강로 165, 2층 에이씨02-0020호 (망월동, 현대클러스터 한강미사3차)",1,02-2240-7956,smshin1021@gainnodus.co.kr,02-2240-7990,신상목 차장,이해훈,12902,ISO 45001:2018,OH230011,2021-09-03,,2024-09-02,2027-09-02,"토목건축공사, 수중·준설공사, 지반조성·포장공사, 산업·환경설비공사와 설계·사업관리, 주택건설업과 부동산 개발업",28,32,
299,KAB,오아이씨씨 주식회사,,804-88-02636,경기,"경기도 광주시 오포읍 양촌길 225-17, 1층",1,070-8870-3299,cacamera@naver.com,0504-132-2495,조아라 팀장,유경아,12797,ISO22716:2007,,2021-09-03,,2024-09-02,2027-09-02,기초화장품 및 마스크팩의 제조,A-11,,
300,KAB,지에이이노더스 주식회사,인증완료,112-81-50189,서울,"서울특별시 송파구 올림픽로 293-19 (신천동, 현대타워빌딩 2층)",1,02-2240-7949,ekpark.1017@gainnodus.co.kr,02-2240-7990,박은규 대리,이규항,5510,ISO9001:2015/ISO14001:2015/ISO 45001:2018,E230010,2022-05-30,,2025-05-26,2028-05-29,"지반조성·포장공사, 수중· 준설공사, 철근콘크리트공사,구조물해체· 비계공사, 상하수도설비공사, 철강구조물공사, 금속창호·지붕건축물조립공사, 도장·습식·방수·석공 공사와 건설장비 임대업, 부동산 개발업",28,,
301,KAB,주식회사 피앤더블유인터네셔널,인증완료,512-86-00943,경기,"경기 성남시 중원구 갈마치로 302 (상대원동, 성남우림라이온스밸리5차)",1,-11397,pw_ty@scenting.co.kr,02-2179-9294,여태영 대리,임주완,13201,ISO 9001:2015/ISO 14001:2015,C240157,2022-05-09,,2025-04-28,2028-05-08,기초화장품과 방향용 제품의 개발 및 생산,12,A-11,C-05
302,KAB,삼일프론테크,인증완료,871-85-02504,경기,경기도 안성시 원곡면 원암로 142-31,2,031-526-7479,ayhan@superflon.com,070-7550-2809,한아영 책임,이성중,17554,ISO9001:2015/ISO14001:2015/ISO 45001:2018,OH240116,2020-02-28,,2026-02-19,2029-02-27,"1. 플랜트 배관의 설계 및 개발, 제조 2. 불소수지의 연구개발, 분체 도장, 코팅 및 가공 3. 불소수지 라이닝의 연구개발 및 가공",14,17,
303,KAB,(주)비주코리아,,143-88-01022,인천,"인천 서구 가정로37번길 4, 1층 (가좌동)",1,032-833-8751,chengxu712@gmail.com,032-834-8752,만설진 대리,김애화,22837,ISO22716:2007,,2020-02-28,,2026-02-19,2029-02-27,두발용 제품의 제조,A-08,,
304,KAB,(주)비주코리아,,143-88-01022,인천,"인천광역시 서구 가정로 37번길 4, 1층 (가정동)",1,032-833-8751,chengxu712@gmail.com,032-834-8752,만설진 대리,김애화,22837,ISO 9001:2015,,2020-02-28,,2026-02-19,2029-02-27,두발용 제품의 제조,1211,,
305,KAB,"TZ HITEC CO., LTD.",인증완료,070-08-35607,Lo,"Lot CN-11, Street D6N5, Chau Son Industrial Park, Chau Son Wards,",1,8481-234-3538,gorak@tz-corporation.com,--,손정환 부장,박성진,,ISO 9001:2015 /ISO 14001:2015,Q230030,2020-10-12,,2023-10-11,2026-10-11,"1. LED 조명의 설계, 개발 및 제조 2. 자동차 전장부품, 의료기기 전기부품의 생산 3. SMPS 제조 4. 원자재 무역",18,19,29
306,KAB,주식회사 썬로이,,461-81-00897,서울,"서울특별시 강남구 영동대로 405, 5층(대치동)",1,02-6203-8090,sooslh@sunroi.co.kr,050-7354-6182,임현빈 대리,최성돈,6182,ISO22716:2007,,2020-10-12,,2023-10-11,2026-10-11,"화장품(기초용 제품, 기능성 제품, 헤어케어용 제품)의 제조",A-08,A-11,
307,KAB,미젤라화장품,인증완료,130-02-55173,인천,인천광역시 남동구 남동동로64번길 77 (고잔동),1,032-817-7561,nrd1@mizella.com,032-817-7564,조기정 연구소장,김미경,21692,ISO22716:2007,KSGA-222085,2022-01-24,,2025-01-24,2028-01-23,"두발용, 피부용 화장품의 제조",A-08,A-11,
308,KAB,(주)뉴스젤리,인증완료,105-88-00472,서울,"서울 성동구 성수일로 77, 1702호(성수동1가, 서울숲 IT 밸리)",1,070-8747-9523,songjelly@newsjel.ly,02-6052-9523,이소영 매니저,정병준,4790,ISO 9001:2015,Q240109,2019-01-28,,2025-01-20,2028-01-27,시스템 소프트웨어의 개발 및 서비스 데이터베이스 및 온라인 정보 서비스,33,,
309,KAB,주식회사 헤라몬드,인증완료,101-86-84802,서울,서울 종로구 종로 118-2 (종로3가),1,02-741-5758,culture00@naver.com,02-2285-5200,김문화 총괄이사,조근수,3192,ISO 9001:2015/ISO 14001:2015,E230084,2021-12-27,,2024-12-16,2027-12-26,귀금속 제품의 디자인 및 제조,23,,
310,KAB,주식회사 태산엔지니어링,인증완료,374-81-01442,전남,전남 함평군 대동면 동함평산단길 93 (백호리),1,062-531-6647,yks7911@naver.com,062-531-6648,유광선 부사장,유우성,57141,ISO 45001:2018,Q230042,2021-12-20,,2024-10-21,2027-12-19,1. 태양광발전 접속함의 설계 및 제조 2. 태양광발전 장치의 설치 및 유지보수,19,28,
311,KAB,주식회사 천운건설,인증완료,571-88-00970,전남,전남 영암군 덕진면 향월유수동길 191,1,070-7713-0675,kim8454004@hanmail.net,0507-890-4785,김숙현 부장,박은,58408,ISO 9001:2015,Q230080,2021-12-27,,2024-12-09,2027-12-26,"1. 전기공사에 대한 설계, 시공 및 종합감리 2. 정보통신공사에 대한 설계 및 종합감리 3. 신재생에너지(전기분야)의 설계 및 시공 4. 태양광 발전장치의 설계, 제조, 설치 및 유지보수 5. 태양광발전 접속함의 설계 및 제조",19,28,34
312,KAB,주식회사 다일테크,인증완료,698-86-01135,전남,전남 담양군 담양읍 내다길 5-46,1,070-7713-0675,kim8454004@hanmail.net,0507-890-4785,김숙현 부장,박상미,57333,ISO 9001:2015,Q230035,2021-12-27,,2024-12-09,2027-12-26,"1. 전기공사에 대한 설계, 시공 및 종합감리 2. 정보통신공사에 대한 설계 및 종합감리 3. 신재생에너지(전기분야)의 설계 및 시공 4. 태양광 발전장치의 설계, 제조, 설치 및 유지보수 5. 태양광발전 접속함의 설계 및 제조 6. 금속창호, 지붕건축물조립공사의 시공",19,28,34
313,KAB,(주)매커스,인증취소,220-87-40140,서울,서울 강남구 봉은사로44길 73 (역삼동),1,02-3490-9500,yaijun@makus.co.kr,02-508-6203,이경준 부장,"신동철, 성종률",6146,KS Q ISO 9001:2015 / KS I ISO 14001:2015,E230013,2021-08-09,2021-08-09,2023-09-27,2024-08-08,"전자제품(반도체)에 대한 유통, 창고관리 및 부가서비스",29,31,
314,KAB,주식회사 두성토건,인증완료,332-87-00650,경남,"경상남도 양산시 진등길51, 202호",1,055-364-8070,pavilion8070@naver.com,055-364-8082,김성혜 과장/이태희 대표이사,이태희,50520,ISO9001:2015/ISO14001:2015/ISO 45001:2018,E240150,2021-05-24,,2024-05-07,2027-05-23,"토공사, 보링·그라우팅공사, 상하수도설비 공사, 철근콘크리트 공사",28,,
315,KAB,주식회사 메이크월,인증취소,191-81-01565,경기,"경기 부천시 길주로411번길 20 (춘의동, 춘의 디아크원)",1,032-326-0119,makewall@hanmail.net,032-327-0119,이진희 과장,박차성,14488,ISO 9001:2015/ISO 14001:2015,E230073,2020-12-21,,2023-12-18,2026-12-20,"알루미늄창호 및 판넬의 설계, 생산 및 시공",17,28,
316,KAB,주식회사 코스모바이오,,268-81-01152,대전,"대전광역시 유성구 테크노4로 17, 비즈센터 D101, D102, D103",1,042-383-9089,ceo@cosmobio.co.kr,042-383-9030,강수용 책임연구원,금윤현,34013,ISO22716:2007,,2020-12-21,,2023-12-18,2026-12-20,"화장품(기초화장용 제폼, 기능성 화장품)의 제조",A-11,,
317,KAB,㈜아이톡시코스메틱,,162-85-01376,충북,충북 음성군 맹동면 맹동산단로 37-17 (쌍정리),1,02-6207-7112,sdpark@itoxi.co.kr,02-6207-7115,박순도 대리,오원석,27733,ISO22716:2007,,2020-12-21,,2023-12-18,2026-12-20,마스크 팩(원료 포함)의 제조,A-11,,
318,KAB,로렌스 주식회사,인증완료,130-81-04927,서울,서울 마포구 독막로 75-1 (상수동),1,02-334-6193,erolens@daum.net,02-332-9843,문정원 과장,옥광용,4049,ISO 9001:2015,Q240129,2021-02-22,,2024-02-19,2027-02-21,시계의 설계 및 제조,19,,
319,KAB,에이피시스템(주),인증완료,204-87-00511,경기,경기도 화성시 동탄산단8길 15-5 (방교동 826-5),2,031-379-2888,he.kim@apsystems.co.kr,031-379-2600,김흥언 과장,김영주,18487,ISO 9001:2015,KSQA-181056,2018-07-23,,2024-07-23,2027-07-22,"반도체장비, FPD장비, 레이저응용장비에 대한 설계, 개발, 생산 및 부가서비스",18,,
320,KAB,농업회사법인 (주)엘에이치농산,,--,인천,인천 강화군 길상면 까치골길 110 (길직리),,032-471-6800,lhnongsan@naver.com,032-714-3267,하인선 대표이사,하인선,23048,ISO 22000:2018,,2018-07-23,,2024-07-23,2027-07-22,절임식품의 제조,CⅡ,,
321,KAB,(주)제이피에스코스메틱,,129-81-30309,인천,"인천 남동구 앵고개로449번길 80 (고잔동, 제이피에스코스메틱)",1,070-4482-4709,jps202@jpscos.co.kr,032-818-0552,엄영철 연구소장,"선일규, 선형훈",21696,ISO22716:2007,,2018-07-23,,2024-07-23,2027-07-22,"화장품(스킨케어제품, 헤어케어제품)의 제조",A-08,A-11,
322,KAB,(주)더마밀,인증취소,851-86-00019,경기,경기 군포시 당정로60번길 5,1,031-454-0951,kmj942@dermameal.com,031-454-0953,김민주 선임연구원,김홍섭,15847,ISO22716:2007,KSGA-160184,2016-08-22,,2022-08-22,2025-08-21,"화장품(기초화장품 제품, 기능성화장품, 두발용 제품, 목욕용 제품, 인체 세정용 제품, 면도용 제품, 영?유아용 제품, 체취 방지용 제품, 방향용 제품, 메이크업 베이스제품)의 제조",A-01,A-03,"A-08,A-10,A-11,B-07,C-05"
323,KAB,(주)가인화장품,인증완료,126-81-71257,인천,"인천광역시 남동구 남동서로84번길 60 (고잔동, 남동공단 121블럭 3롯트)",1,032-822-3721,totojh@nate.com,032-022-3733,문경원 사원,송홍종,21697,ISO22716:2007,KSGA-191443,2019-10-14,,2025-10-13,2028-10-13,"헤어케어 제품(샴푸, 헤어트리트먼트, 헤어로션, 퍼머넌트웨이브, 염모제)과 스킨케어(크림, 클렌징) 제품의 제조",A-08,A-11,B-06
324,KAB,한국바이오켐제약(주),,--,세종,세종특별자치시 전의면 산단길 204 (신정리),1,044-865-5030,,--,이동혁 대리,송원호,30003,ISO 14001:2015,,2019-10-14,,2025-10-13,2028-10-13,,,,
325,KAB,(주)세바바이오텍,,221-81-28958,강원,강원 춘천시 동내면 거두단지1길 50-1,1,033-258-6090,theaimaster@naver.com,0303-0957-6090,안재희 선임연구원,임혜원,24398,ISO22716:2007,,2019-10-14,,2025-10-13,2028-10-13,"화장품(기초화장용 제품, 기능성 화장품, 두발용 제품, 바디용 제품, 마스크팩)의 제조",A-03,A-08,A-11
326,KAB,주식회사 오라즈인터내셔널,인증완료,737-86-03160,경기,"경기 오산시 수목원로88번길 35, 제지식산업센터동 제3층 제에프333호(가수동, 현대테라타워씨엠씨)",1,070-4355-0415,innomaxco1@naver.com,031-353-7381,이석재 대표,이석재,18126,ISO22716:2007,C240275,2021-12-13,,2024-12-09,2027-12-12,"기초화장품, 마스크팩의 제조",A-11,,
327,KAB,주식회사 양일테크,인증완료,775-88-00553,광주,광주 서구 유덕로 50-1 (유촌동),1,070-7713-0676,kim8454004@hanmail.net,0507-890-4785,김숙현 부장,박정훈,61901,ISO 9001:2015,OH240165,2020-12-28,,2024-04-15,2027-04-14,"1. 전기공사에 대한 설계, 시공 및 종합감리 2. 정보통신공사에 대한 설계 및 종합감리 3. 신재생에너지(전기분야)의 설계 및 시공 4. 태양광 발전장치의 설계, 제조, 설치 및 유지보수 5. 태양광발전 접속함의 설계 및 제조",19,28,34
328,KAB,(주)아이디알시스템,,704-88-00075,대구,"대구광역시 달서구 달서대로91길 35, 나동 204호(호림동, 모다지식산업센터)",2,053-584-2233,cpg7890@idealsys.co.kr,053-583-6800,최필규 실장,최보규,42714,ISO 9001:2015,,2020-12-28,,2024-04-15,2027-04-14,"1. 곡물가공설비(집진기, 곡물선별기, 곡물건조기, 자동계측기)의 제조 2. 스마트 팩토리 시스템응용소프트웨어 개발 및 공급업",1821,1941,3321
329,KAB,주식회사 센솔루션코리아,인증취소,598-88-01085,경기,"경기 하남시 조정대로 150, 5층 569호 (덕풍동, 아이테코)",1,031-790-0585,sales@sensolution.co.kr,031-790-0508,이명덕 대표,이명덕,12930,ISO 9001:2015,Q230062,2021-11-22,2021-11-22,2023-11-13,2024-11-21,1. 인공지능 수면 분석 기기의 개발 및 제조 2. 열화상 모듈과 안면인식 열화상 카메라 개발 및 제조,19,,
330,KAB,한창종합물류(주),인증취소,506-81-36795,경북,경상북도 포항시 남구 오천읍 송덕로212번길 27,1,054-291-2375,hc6210@hanmail.net,054-291-2373,이상목 부장,김태정,37876,ISO9001:2015/ISO14001:2015/ISO 45001:2018,QEO240216,2021-09-13,,2024-08-19,2027-09-12,"철강제품의 취급, 보관 및 운송",31,,
331,KAB,주식회사 유니자르,인증완료,111-85-12778,경기,"경기 군포시 엘에스로91번길 59, 2층",1,070-8098-6992,pilly@naver.com,--,심필보 대표이사,심필보,15809,ISO22716:2007,C230023,2021-09-27,,2024-09-02,2027-09-26,기초용 화장품의 제조,A-11,,
332,KAB,삼학양조(주),,613-81-28157,경남,경남 하동군 청암면 청학로 1657-9 (상이리),,055-884-8024,isobi777@naver.com,--,,김진호,52310,ISO 22000:2018,,2021-09-27,,2024-09-02,2027-09-26,주류의 제조,CⅣ,,
333,KAB,주식회사 글로벌케이,,152-81-01503,광주,"광주 동구 동계천로 150 (동명동, I-PLEX 광주)",1,02-6423-5898,alfl2661@kmallglobal.com,--,조미리 과장,김영은,61436,ISO 9001:2015/ISO 14001:2015,,2021-09-27,,2024-09-02,2027-09-26,전자상거래 플랫폼 개발 및 운영,2911,3321,
334,KAB,에프앤에스 주식회사,,613-81-57536,경남,경남 진주시 정촌면 삼일로95번길 50-35 (예하리),1,-7030,fnsfood@hanmail.net,--,백승흥,김재성,52845,ISO 22000:2018,,2021-09-27,,2024-09-02,2027-09-26,도시락 및 케이터링의 개발 및 제조,E,,
335,KAB,태신프린팅비나 동나이지점,인증완료,--,No,"No.55, Road No 1-7, Long Thanh IZ, Dong Nai Prov. Viet Nam",,-3913,,096-172-5872,송민재 지점장,송민재,,ISO 22000:2018,GF-230157,2020-09-08,,2023-09-08,2026-09-07,"식품용 종이용기(컵, 캡), 종이빨대의 개발 및 제조",I,,
336,KAB,합천생약가공영농조합법인,,611-81-04940,경남,경남 합천군 합천읍 내곡길 16 (내곡리),1,055-933-0770,dkrakx3@naver.com,--,백승화 이사,백문기,50227,ISO 22000:2018,,2020-09-08,,2023-09-08,2026-09-07,전통차의 개발 및 제조,CⅣ,,
337,KAB,(주)참미푸드,인증완료,503-81-99302,경북,경북 고령군 성산면 성산로 772-6 (기족리),1,054-954-1105,barobbb@hanmail.net,--,김정훈 대표,김정훈,40119,ISO 22000:2018/FSSC 22000(Version 6),25-FSSC-0498,2021-08-05,2024-08-13,2025-09-08,2028-09-07,"PE/AL 포장재에 포장된 건조 즉석조리식품 (비빔밥, 국밥, 국, 찌개)의 제조",CⅣ,,
338,KAB,주식회사 페어윈드,인증완료,506-81-08533,경북,경북 포항시 남구 오천읍 철강산단로130번길 190,1,054-285-8585,dydy907@hanmail.net,054-285-2200,이남영 이사,오대일,37876,ISO 14001:2015/ISO 45001:2018,E240186,2021-07-26,,2024-07-08,2027-07-25,"철강제품에 대한 취급, 보관 및 운송",31,,
339,KAB,(주)대영통운,인증완료,416-81-81037,전남,전남 광양시 백운1로 136,1,061-795-2662,deco2662@hanmail.net,061-793-0041,김영길 과장,오윤석,57816,ISO 14001:2015/ISO 45001:2018,E240158,2021-07-26,,2024-07-15,2027-07-25,"철강제품에 대한 취급, 보관 및 운송",31,,
340,KAB,아발리코코리아,,501-03-31782,대구,대구 수성구 범어로 173 (범어동),1,053-423-8241,abalico@hanmail.net,053-424-8242,오혜지 과장,최재원,42021,ISO22716:2007,,2021-07-26,,2024-07-15,2027-07-25,"네일에나멜, 매니큐어용 제품류, 페디큐어용 제품류의 충진 및 포장",D-09,,
341,KAB,주식회사 씨엔비,인증취소,134-86-87395,경기,"경기 군포시 엘에스로 13, 9층 905호 (당정동, 신일아이티유토지식산업센터)",1,031-427-9217,cnb@cnbcr.co.kr,031-427-9219,김동일 부장,백남철,15843,ISO 9001:2015/ISO 14001:2015,QE240247,2020-08-10,2020-08-10,2024-08-19,2026-08-09,"항온항습기, 제습기, 공기조화기, 냉각기 및 크린룸의 설계, 개발, 생산, 설치공사 및 유지보수",18,,
342,KAB,퍼시픽엑스코리아(주),,598-86-00457,대구,대구 달성군 유가읍 테크노순환로3길 45,1,053-610-5800,dwbak@pacxauto.com,053-615-1138,박동원 대리,도병록,43022,ISO 14001:2015,,2020-08-10,2020-08-10,2024-08-19,2026-08-09,자동차 부품의 가공(금속제품),1721,,
343,KAB,퍼시픽엑스코리아(주),,598-86-00457,대구,대구 달성군 유가읍 테크노순환로3길 45,1,053-610-5800,dwbak@pacxauto.com,053-615-1138,박동원 대리,도병록,43022,ISO 45001:2018,,2020-08-10,2020-08-10,2024-08-19,2026-08-09,자동차 부품의 가공(금속제품),1721,,
344,KAB,주식회사 코스나,,453-81-01314,경기,경기 광주시 오포읍 양촌길 225-17 (양벌리),1,031-766-4322,lem183@naver.com,--,이은미,전민,12797,ISO22716:2007,,2020-08-10,2020-08-10,2024-08-19,2026-08-09,화장품(스킨케어류)의 생산,A-11,,
345,KAB,에스앤에스산업(주),,620-86-00225,충북,충청북도 음성군 금왕읍 리노산단 1길 5,1,070-4162-0582,0908hej@snsin.co.kr,043-883-1144,한은조 주임,이한구,27731,ISO 9001:2015,,2020-08-10,2020-08-10,2024-08-19,2026-08-09,보관 및 물류 서비스,3121,,
346,KAB,엠케이알테크,,143-01-96800,경기,경기도 화성시 정남면 만년로 396-3 나동,1,031-352-1846,scno0119@naver.com,031-352-7563,노승철 부장,조은회,18517,ISO 9001:2015,,2020-08-10,2020-08-10,2024-08-19,2026-08-09,"우레탄 롤러,실리콘 롤러 및 고무성현 제품의 제조",1411,,
347,KAB,국민연금공단,,--,,,,--,,--,,,,ISO 45001:2018,,2020-08-10,2020-08-10,2024-08-19,2026-08-09,,2821,,
348,KAB,서진오토베트남,,--,,,,--,,--,,,,ISO 45001:2018,,2020-08-10,2020-08-10,2024-08-19,2026-08-09,,2831,,
349,KAB,연천군시설관리공단,인증완료,127-82-10250,경기,경기 연천군 연천읍 연천역로 29 (옥산리),3,070-4953-0389,shsh49@yccs.or.kr,031-834-9588,이소희 계장,송승원,11012,ISO 14001:2015/ISO 45001:2018,E230006,2022-09-05,,2025-08-25,2028-09-04,공공 시설물의 운영 및 관리,36,,
350,KAB,양천구시설관리공단,인증완료,117-82-02170,서울,"서울 양천구 목동동로 81 (신정동, 해누리타운)",2,070-4953-9876,srlee@ycs.or.kr,02-2061-3436,이상락 대리,이용화 이사장,8094,ISO 45001:2018,OH240243,2015-12-24,,2024-09-23,2027-12-23,"문화체육시설, 공영주차장, 공공시설물의 운영 및 관리",36,,
351,KAB,하나기계,,--,경북,"경북 포항시 북구 중흥로125번길 6 401호 (죽도동, 반도오피스텔)",1,054-275-3053,yubok3969@gmail.com,054-275-3056,이유복 대표이사,이유복,37758,ISO 45001:2018,,2015-12-24,,2024-09-23,2027-12-23,1. 기계설비 정비 및 공사 용역 서비스 2. 기계부품가공,17,28,
352,KAB,(주)태승이엔씨,인증완료,105-86-47186,서울,"서울 강서구 공항대로 434 (화곡동, 대지빌딩 401호)",1,02-711-1877,shee0321@hanmail.net,02-2695-3723,"손순희 부장, 이상준 차장",김승호,7655,ISO9001:2015/ISO14001:2015/ISO 45001:2018,E240177,2014-07-11,,2026-06-22,2029-07-10,"산업·환경설비공사, 기계가스설비공사, 지반조성포장공사,상하수도설비공사, 금속피막처리",17,28,
353,KAB,(주)코라솔,인증완료,106-86-87838,서울,서울 동대문구 답십리로60길 125 (답십리동),2,02-711-5145,gaga0808@hanmail.net,02-711-5147,박영환 이사,주광태,2611,ISO 9001:2015,Q240146,2012-07-12,,2024-06-24,2027-07-11,방사선 및 X-선 발생장치의 관리 및 엔지니어링 서비스,34,,
354,KAB,(주)이디티,,--,,,,--,,--,,,,ISO 45001:2018,,2012-07-12,,2024-06-24,2027-07-11,,3232,,
355,KAB,뉴프렉스,,--,,,,--,,--,,,,ISO 45001:2018,,2012-07-12,,2024-06-24,2027-07-11,,2560,,
356,KAB,뉴튼 인더스트리,인증완료,878-21-00112,부산,"부산 서구 해돋이로39번길 6-1, 101호(남부민동)",1,070-8958-2688,newtonins@naver.com,02-2279-7806,조영기 차장,이재준,49261,ISO 9001:2015,Q240136,2021-03-29,,2024-03-18,2027-03-28,철도 차량 바닥재 시공 및 유지보수,35,,
357,KAB,(주)에이스네트웍스,인증완료,533-81-00815,강원,강원특별자치도 춘천시 동내면 거두단지2길 24 나동,1,033-264-7089,dbvhfl1005@naver.com/ kho7614@hanmail.net,033-264-7087,신성진 팀장,최영애,24398,ISO 9001:2015,Q240140,2019-03-18,,2025-03-10,2028-03-17,정보통신공사,28,,
358,KAB,"DAISIN VINA CO., LTD.",인증완료,090-10-67803,Tu,"Tu Dong Village, Yen My Commune, Hung Yen Province, Vietnam",1,--,j49park@naver.com,--,PARK JONG KIL,PARK JONG KIL,,ISO 9001:2015/ISO 14001:2015,E240134,2021-04-05,,2024-03-25,2027-04-04,"Processing of Electronic Subsidiary Materials (Sheets, Felt, Cushion, Tape), Packing Materials (PE Form, HDPE Film, LDPE Film)",14,,
359,KAB,동희수산,,222-90-55519,강원,"강원 동해시 부두길 2 (발한동, 동희수산)",1,033-531-4050,yschun15@naver.com,033-532-2527,전영식 대표,전영식,25729,ISO 22000:2018,,2021-04-05,,2024-03-25,2027-04-04,"(생성게알, 냉동성게알, 성게알 젓갈)의 제조",CⅠ,,
360,KAB,대현수산,,507-90-38070,경북,경북 영덕군 강구면 금호샛길 115-45 (금호리),1,054-734-2530,okhee0646@naver.com,054-734-1478,최옥희 대표,최옥희,36452,ISO 22000:2018,,2021-04-05,,2024-03-25,2027-04-04,"수산물 가공품(가자미, 명태, 코다리, 도루묵, 오징어)의 제조",CⅠ,,
361,KAB,디엘바이오(주),,497-88-01384,경남,경남 진주시 문산읍 제곡길98번길 11 (삼곡리),1,055-747-2567,dlbio7@naver.com,--,박용관,김차열,52834,ISO 22000:2018,,2021-04-05,,2024-03-25,2027-04-04,"상황버섯차, 꾸지뽕차의 제조",CⅣ,,
362,KAB,주식회사 찬슬,인증취소,776-88-00522,광주,"광주광역시 광산구 하남산단3번로 33, 비동 (장덕동)",1,062-225-5740,21leaders@naver.com,062-225-5741,김수연 팀장,이정훈,62229,ISO22716:2007,C230093,2021-01-04,,2023-12-26,2027-01-03,"화장품(기초화장품, 기능성화장품, 두발용 제품)의 제조",A-08,A-11,
363,KAB,(주)대진고무공업,인증완료,412-88-01516,경기,경기 김포시 양촌읍 해평로 78-2 (누산리),1,02-2679-2070,djr2070@daum.net,02-2671-2376,위대권 대표,위대권,10064,ISO 9001:2015,Q230102,2021-01-18,,2024-01-08,2027-01-17,"산업용 고무 (방진고무, 자동차용 고무범퍼, 반도체 설비용 벨로우즈, 전자기기용 실리콘 부품 및 패킹)의 제작",14,,
364,KAB,제이피썸(주),,402-81-94872,전북,전북 전주시 완산구 맏내1길 20-5 (평화동2가),1,063-228-4141,6182suk@hanmail.net,063-228-1945,이숙,전석진,55134,ISO 22000:2018,,2021-01-18,,2024-01-08,2027-01-17,김부각과 누룽지 초코파이의 제조,CⅣ,,
365,KAB,장수도깨비동굴김치 영농조합법인,,418-81-47132,전북,전북 장수군 계남면 가곡길 14-16 (궁양리),1,063-352-4194,tjrfuf8575@hanmail.net,063-229-9456,고명지,고석열,55626,ISO 22000:2018,,2021-01-18,,2024-01-08,2027-01-17,"절임배추, 김치양념과 김치의 제조",CⅣ,,
366,KAB,농업회사법인 주식회사 초록당,,411-81-64052,전남,전남 무안군 현경면 백양동길 152-12,1,061-454-8249,ddbio0021@hanmail.net,061-454-8289,하영훈,김미화,58514,ISO 22000:2018,,2021-01-18,,2024-01-08,2027-01-17,"양파간장, 새우장, 간장게장, 양파분말의 제조",CⅣ,,
367,KAB,봉강친환경영농조합법인,,416-81-63801,전남,전남 광양시 봉강면 중흥로 13-31,1,061-763-5665,hjjackpark@gmail.com,061-762-5660,박회준 팀장,박광기,57701,ISO 22000:2018,,2021-01-18,,2024-01-08,2027-01-17,유기질 비료의 제조,K,,
368,KAB,농업회사법인주식회사 태기산아침의새소리,,224-81-61427,강원,강원 횡성군 둔내면 경강로구두미1길 93-11 (삽교리),1,033-345-5745,ohgt1917@naver.com,033-345-5745,오금택 대표,오금택,25261,ISO 22000:2018,,2021-01-18,,2024-01-08,2027-01-17,무도라지청의 제조,CⅣ,,
369,KAB,엠스푸드 주식회사,인증취소,503-81-92783,경북,경북 고령군 쌍림면 영서로 3380 (송림리),1,054-954-9300,jyhan6422@m-sfood.co.kr,0303-3445-5000,한진영 주임,전해명,40164,ISO 22000:2018,KOR/FSMS/00417/8189,2020-11-24,,2023-11-24,2026-11-23,냉동피자 및 도우의 제조,CⅢ,,
370,KAB,(주)지에스바이오,,615-88-00120,충북,충북 음성군 생극면 이진말길 10-19 (병암리),1,043-881-4055,jym5410@naver.com,043-881-4056,주형준 과장,주영무,27623,ISO 22000:2018,,2020-11-24,,2023-11-24,2026-11-23,정제 캔디의 개발 및 제조,CⅣ,,
371,KAB,농업회사법인(주)더함초,,312-86-61393,충남,충남 천안시 서북구 입장면 가산연곡길 154 (연곡리),1,041-415-2782,thehamcho2@naver.com,041-422-2202,이우리 대표,이우리,31026,ISO 22000:2018,,2020-11-24,,2023-11-24,2026-11-23,함초 가공제품(정)의 개발 및 제조,CⅣ,,
372,KAB,㈜바이오홍삼,,620-81-40241,울산,울산 남구 수암로 171-2 (야음동),1,052-261-8890,rgpanax@hanmail.net,052-261-8892,황진찬,황덕형,44736,ISO 22000:2018,,2020-11-24,,2023-11-24,2026-11-23,홍삼음료의 제조,CⅡ,,
373,KAB,동남농수산,,222-02-82232,강원,"강원 삼척시 마달길 156-42 (마달동, 동남농수산)",1,033-573-2211,jj4052@hanmail.net,033-573-2213,남문현 대표,남문현,25908,ISO 22000:2018,,2020-11-24,,2023-11-24,2026-11-23,수산물가공품의 개발 및 제조,CⅠ,,
374,KAB,동남바이오,,222-06-28783,강원,"강원 삼척시 근덕면 본동길 21-132 (동막리, 동남바이오)",1,033-576-0590,jj4052@hanmail.net,033-781-8813,남문현 대표,남문현,25936,ISO 22000:2018,,2020-11-24,,2023-11-24,2026-11-23,"친환경 비료, 사료의 개발 및 제조",K,,
375,KAB,㈜일성푸드텍,,334-86-00135,충북,충북 청주시 흥덕구 오송읍 오송동평길 68 (동평리),1,043-234-6286,ilsungfoods@naver.com,043-235-6286,김종한 대표,김종한,28168,ISO 22000:2018,,2020-11-24,,2023-11-24,2026-11-23,"조미식품(씨즈닝분말, 농축액류, 소스류, 조미소재)의 개발 및 제조",CⅡ,,
376,KAB,(주)파시코,,204-81-46820,서울,"서울 성동구 성수이로 66 (성수동2가, 서울숲 드림타워)",1,02-2207-2062,jude@posyko.com,02-6499-2063,길주현,이윤희,4784,ISO 22000:2018,,2020-11-24,,2023-11-24,2026-11-23,"건강기능식품, 특수영양식품(영양보충식품) 및 가공식품의 개발 및 제조",K,,
377,KAB,주식회사 피트쿡,,525-87-01396,경남,경남 김해시 주촌면 서부로1541번길 148-14 (내삼리),1,055-314-9259,doorai54@naver.com,--,김상우 대표,김상우,50877,ISO 22000:2018,,2020-11-24,,2023-11-24,2026-11-23,식육의 가공 및 유통,CⅠ,,
378,KAB,주식회사 제이제트그룹,인증취소,177-81-00804,인천,"인천 미추홀구 경인로 45, 3층",1,02-515-8889,jzgroup@naver.com,00--,천원필 팀장,정영근,22161,ISO 9001:2015,Q240218,2020-06-19,2020-06-19,2024-06-10,2026-06-18,"화장품(기초화장품, 기능성화장품, 마스크팩), 향균섬유 및 향균섬유제품(언더웨어, 스포츠웨어, 패션안전마스크), 건강기능식품의 제조와 보청기의 유통",03,04,"12,29"
379,KAB,주식회사 옹가네푸드,,517-86-01350,경북,경북 영천시 채신2공단길 79-29 (채신동),1,054-337-9700,ongganefood@daum.net,054-337-7667,이석민 대표,이석민,38899,ISO 22000:2018,,2020-06-19,2020-06-19,2024-06-10,2026-06-18,"장류, 초장, 소스류의 개발 및 제조",CⅡ,,
380,KAB,주식회사 이크레더블네트웍스,,113-86-60716,서울,"서울 구로구 디지털로33길 27 (구로동, 삼성IT밸리)",,02-2101-2670,stkwak@ecnet.co.kr,02-6234-5961,곽승태 팀장,김성윤,8380,ISO 9001:2015,,2020-06-19,2020-06-19,2024-06-10,2026-06-18,"전자상거래, 소프트웨어 개발 및 공급과 경영컨설팅",2911,3321,3511
381,KAB,주식회사 아이톡시코스메틱,인증취소,821-81-00948,경기,경기 평택시 서탄면 서탄로 446-38 (수월암리),1,031-375-1170,itoxicos@naver.com,031-338-7474,김명중 실장,정광명,17704,ISO22716:2007,KSGA-201596,2020-03-02,,2023-03-02,2026-03-01,"마스크팩과 형상파우치, 용기 제품의 충진 및 포장",A-11,,
382,KAB,(주)아현건설,인증완료,315-81-36068,전남,전라남도 화순군 화순읍 진각로 219,1,070-7713-0676,kim8454004@hanmail.net,0507-890-4785,김숙현 부장,마상원,58105,ISO9001:2015/ISO45001:2018,Q240113,2024-01-15,,2026-02-09,2029-02-09,"1. 전기공사에 대한 설계, 시공 및 종합감리 2. 정보통신공사에 대한 설계 및 종합감리 3. 신재생에너지 (전기분야)의 설계 및 시공 4. 태양열 발전장치의 설계, 제조, 설치 및 유지보수 5. 태양광발전 접속함의 설계 및 제조",19,28,34
383,KAB,㈜다산생활화학,,503-81-52118,대구,대구 달서구 달서대로88길 8-11 (갈산동),,053-593-0061,master@soaplife.co.kr,053-593-0063,이진욱 과장,서영수,42705,ISO22716:2007,,2024-01-15,,2026-02-09,2029-02-09,화장비누의 제조,1211,,
384,KAB,주식회사 노바메디,인증완료,142-81-63934,경기,"경기 용인시 수지구 대지로 58 나동 202-2호(죽전동, 선진포리스트)",1,031-321-6392,nobamedi@nobamedi.com,031-629-6393,"방시열 이사, 이상범 과장",노현미,16873,ISO22716:2007,C230082,2019-12-30,,2025-12-15,2028-12-29,화장품(기초 화장품)의 제조,A-11,,
385,KAB,㈜바이오폴리텍,인증취소,312-81-72371,충북,"충북 청주시 흥덕구 공단로 134, 714 (송정동, 세중테크노밸리)",1,043-212-9144,Qqljh1234@hanmail.net,043-264-9143,이정훈 대표,이정훈,28576,ISO 22000:2018,KOR/FSMS/00390/7983,2020-06-04,,2023-06-04,2026-06-03,"키토산 (키토산-F), 키토산 올리고당, 피쉬콜라겐, 연잎 혼합 추출물 및 가공식품에 대한 제조",K,,
386,KAB,중앙산업비나㈜,,700-75-6306,Ro,"Road D3-1, Dai Dong Hoan Son IZ, Hoan Son Commune, Tien Du District, Bac Ninh Province, Vietnam",1,0222-222-1626,jaflon@hanmail.net,0222-222-0626,정재민 팀장,한성욱,,ISO 9001:2015/ISO 14001:2015,,2020-06-04,,2023-06-04,2026-06-03,"전기전자부품의 도장, 레이저 및 CNC 가공",1721,,
387,KAB,농업회사법인 주식회사 진성농산,,140-81-52260,경기,"경기 시흥시 금오로265번길 6 (과림동, KD경덕테크)",,02-2619-2299,duyh8517@naver.com,02-2619-3751,임동인 대표,임동인,14932,ISO 9001:2015,,2020-06-04,,2023-06-04,2026-06-03,농산물의 유통,2911,,
388,KAB,"SUNG GWANG VINA CO., LTD.",인증완료,370-23-56323,,,1,08274-380-0786,theokim@sunggwangvina.com.vn,84274-380-0789,김태형 이사,지학권,,ISO 9001:2015,Q240110,2019-09-16,,2025-03-17,2028-03-21,"식기류의 설계, 개발 및 생산",17,,
389,KAB,THE FOOD VINA CO.,인증취소,230-09-78548,,,1,2412-473-888,tfoodvina@gmail.com,--,김민정 대표,김민정,,ISO 9001:2015,23-E-1570,2023-12-29,,2023-12-29,2026-12-28,단체급식 서비스,03,,
390,KAB,농업회사법인 현대농산영농 주식회사,,629-81-00246,경기,경기도 김포시 대곶면 대명항로 205번길 17-34,1,031-997-4585,ssal2001@naver.com,031-987-4565,김길성 대표,김길성,10044,ISO 9001:2015,,2023-12-29,,2023-12-29,2026-12-28,농산물의 유통,2911,,
391,KAB,영농조합법인 풍기인삼나라,,512-81-16964,경북,경북 영주시 풍기읍 소백로 2156 (산법리),1,054-634-3489,365ceoo@naver.com,054-635-3380,김영식 대표,김영식,36041,ISO 45001:2018,,2023-12-29,,2023-12-29,2026-12-28,홍삼가공식품의 제조,0311,,
392,KAB,주식회사 탑코미디어,,220-87-42930,서울,"서울 강남구 언주로 726 (논현동, 두산빌딩)",1,02-3400-4639,hkkang@homecast.net,02-3445-8783,강현규 차장,권영철,6057,ISO 9001:2015,,2023-12-29,,2023-12-29,2026-12-28,"디지털셋톱박스의 설계, 개발 및 제조",1921,,
393,KAB,에스엠이엔지 주식회사,인증취소,312-86-61957,충남,충남 천안시 서북구 성거읍 신월소우길 316,1,041-523-2330,caid2013@hanmail.net,041-585-2330,길대희 대리,오승민,31048,ISO 14001:2015,E240210,2019-06-26,2019-06-26,2024-06-03,2025-06-25,석면해체 및 철거공사,28,,
394,KAB,주식회사 타이드,,128-87-60415,서울,"서울특별시 금천구 가산디지털1로 128, 20층 2010호(가산동, 에스티엑스브이타워)",1,02-6673-0964,jylee@tidekorea.com,02-6673-0969,이지윤 전임연구원,조경종,8507,ISO 9001:2015,,2019-06-26,2019-06-26,2024-06-03,2025-06-25,"유무선 통신기기의 설계, 개발 및 생산",1921,,
395,KAB,남북결혼,,453-49-00289,부산,부산 사상구 가야대로 248 (주례동),1,-7430,nambook200@naver.com,0303-3444-5842,김지원 대표,김지원,47022,ISO 9001:2015,,2019-06-26,2019-06-26,2024-06-03,2025-06-25,결혼정보서비스,3531,,
396,KAB,주식회사 중앙첨단소재,인증완료,105-81-99490,경기,경기 안양시 동안구 시민대로 115 (호계동),2,031-689-5872,lki@joongangdnm.com,070-5015-4887,이규익 대리,김영신,14041,ISO 9001:2015/ISO 14001:2015,Q230067,2023-11-13,,2025-12-01,2029-01-10,"정보통신 네트워크, 유무선통신 장비(무전기, 중계기, LTE모듈, 저장장치, 무선방송) 및 시스템, CCTV 및 디스플레이 장치의 설계, 개발, 생산, 구축 및 유지보수와 소프트웨어의 개발",19,33,
397,KAB,케이알이앤씨 주식회사,인증완료,120-87-50125,서울,"서울특별시 성동구 동일로 37, 3층(성수동2가)",1,070-5143-0754,achn@krenc.kr,02-571-2951,안천헌 연구소장,"장성수, 이용우",10002,ISO 9001:2015/ISO 14001:2015,E240153,2019-03-18,,2024-04-15,2027-04-16,"철도차량의 제작검사, 완성차량검사 및 정밀안전진단",34,,
398,KAB,주식회사 에이바이오머티리얼즈,인증완료,839-81-01726,경기,경기 용인시 기흥구 동백중앙로16번길 16-25,1,031-731-6461,sjpyun@a-bio.co.kr,031-731-6462,편선주 차장,"최병진, 박시준",17015,ISO 9001:2015/ISO 22716:2007,C230038,2019-04-15,,2024-11-11,2028-04-14,"QMS: 스킨케어 제품과 두발용 제품의 개발 및 생산 C-GMP: 화장품(기초화장품, 기능성 화장품, 헤어용 제품)의 제조",12,A-11,
399,KAB,(주)평안매직,인증취소,126-86-79540,충북,"충북 진천군 덕산읍 신척산단1로 59 (신척리, (주)평안매직)",1,043-753-7890,yycho534@naver.com/onlypet@nate.com,043-753-7891,조윤연 팀장/이상윤 과장,이기수,27850,ISO 9001:2015,Q240117,2019-01-14,2019-01-14,2024-02-13,2026-02-27,포장기자재 및 플라스틱 용기 등의 제조 및 판매,14,29,
400,KAB,"PARTNER ENG VINA CO., LTD.",인증취소,070-08-16611,,,2,84082-697-7690,myounghwan.you@daum.net,84082--,유명환 팀장,정호상,,ISO 9001:2015/ISO 14001:2015,E230065,2018-12-24,2021-12-24,2023-12-04,2024-12-23,플라스틱 사출 제품의 제조 및 조립과 금형제작,14,18,
401,KAB,(주)남영산업,인증취소,130-87-02289,경기,"경기도 부천시 연동로131번길 30-4 (옥길동, 가동, 다동)",1,02-2614-2558,namyoungcorp@naver.com,02-2614-2554,위수헌 팀장,위봉철,14785,ISO 9001:2015,Q240173,2018-05-21,,2024-04-29,2027-05-20,"산업용 고무(볼밀 고무라이닝, 콜크방진패드, 고무판, 수문패킹, 실리콘 고무호스, 교량이음새, 교량용러버부츠, 파이프방진패킹)의 제작",14,,
402,KAB,배룩스 주식회사,인증완료,460-88-00817,서울,서울 서초구 동광로 82-4 (방배동),1,070-5001-5809,jogeun.nam@baelux.com,070-8255-0271,남조근 팀장,배진우,6585,ISO 9001:2015/ISO 14001:2015,E250293,2025-04-07,,2025-04-07,2028-04-06,LED제품의 개발 및 제조,19,,
403,KAB,주식회사 위드,인증완료,128-81-52294,경기,경기도 파주시 광탄면 우랑길 100-29 (마장리),1,031-943-0151,wid0151@naver.com,031-943-0212,이미선 부장,정오종,10952,ISO 9001:2015,OH230076,2023-03-28,,2026-03-09,2029-03-27,"1. 가구의 설계, 개발, 제조 및 시공 2. 실내건축공사",23,28,
404,KAB,주식회사 세종아이티엘,인증완료,113-86-80944,서울,"서울 구로구 디지털로 285 (구로동, 301, 302-1호(에이스트윈타워 1차))",2,02-2162-7500,tjduswn99@sejongitl.co.kr,02-2162-7599,서연주 사원,김형찬,8381,ISO 9001:2015,OH240252,2017-12-04,,2024-10-28,2027-10-27,"IT 서비스(SI, NI, SM, Consulting)제공",33,,
405,KAB,(주)티엔에스베큠,,122-86-36141,경기,"경기 용인시 처인구 포곡읍 금어로202번길 9-1 (금어리, 성인P&B)",1,031-335-1711,tnsvac@naver.com,031-335-1712,김준희 주임,정윤자,17030,KS Q ISO 9001:2015 / KS I ISO 14001:2015,,2017-12-04,,2024-10-28,2027-10-27,열처리 진공기기의 제조,18,,
406,KAB,주식회사 링네트,인증완료,113-81-60244,서울,"서울특별시 구로구 디지털로 33길 28, 1001호(구로동, 우림이비지센터)",2,02-6675-1259,eomkj@ringnet.co.kr,02-6775-1204,이병진 이사/엄경재 대리,이주석/이정민,8377,ISO 9001:2015,OH240251,2024-10-28,,2024-10-28,2027-10-27,"IT 서비스(SI, NI, SM, Consulting)제공",33,,
407,KAB,주식회사 씨에스텍플러스,인증완료,105-87-90021,서울,"서울 마포구 월드컵로 64,",1,02-3143-4056,juanyi67@cstec.co.kr,02-3143-4057,이정한 팀장,고숭덕,4004,ISO 9001:2015/ISO 14001:2015,QE240240,2014-08-18,,2026-08-10,2029-08-17,전시회 부스의 디자인 및 설치,28,35,
408,KAB,성일,인증취소,613-22-10553,경남,경남 사천시 삼상로 626 (이홀동),1,055-835-3707,rainbowkr@hanmail.net,055-832-3707,김윤미 부장,배기수,52549,ISO 9001:2015,Q240121,2017-03-20,2017-03-20,2024-03-18,2026-03-19,"금속 가공 제품, 레이저 절단 제품, 철구조물과 안전방호시설 제품의 생산",17,,
409,KAB,경원전자㈜,인증완료,410-86-34467,광주,광주 광산구 평동산단외로 142-17 (옥동),1,062-945-8783,byseo@ket.com,062-945-8785,서복용 대리,류해담,62413,ISO 9001:2015/ISO 14001:2015,E240119,2017-03-06,,2026-02-19,2029-03-05,터미널(단자)의 생산,19,,
410,KAB,㈜바른한방제약,,233-81-07882,서울,서울 동대문구 고산자로 497-1 (제기동),1,02-962-1669,choi20s@naver.com,02-957-1669,김광수 부장,최규태,2478,ISO 22000:2005,,2017-03-06,,2026-02-19,2029-03-05,"한약재 (감초, 백지 등)의 제조",K,,
411,KAB,주식회사 제이씨앤씨,인증완료,130-09-57506,인천,"인천 남동구 논곡로 10, 3층 (남촌동, 남동공단32블럭 3로트)",1,032-429-2345,jcnc0408@naver.com,032-428-6789,하정호 이사,이화규,21635,ISO22716:2007,C240203,2017-06-19,,2026-06-01,2029-06-18,화장품(매니큐어)의 제조,D-09,,
412,KAB,씨이에프건설(주),인증완료,120-86-73698,서울,서울 강남구 논현로30길 21 4층 (도곡동),1,02-574-9664,ohw9108@cefeng.co.kr/ mjmj3686@hanmail.net(김명중 전무이사),02-574-5078,오현우 대리,안장열,6301,ISO 9001:2015,Q240123,2010-02-04,,2026-02-09,2029-02-11,"지반조성·포장공사, 철근·콘크리트 공사, 상·하수도 설비공사, 구조물해체·비계 공사",28,,
413,KAB,㈜바이오에프디엔씨(송도),인증완료,131-81-94024,인천,인천 연수구 송도미래로 30,1,032-811-2027,mgshin@biofdnc.com,032-822-2027,신민규 대,"모상현, 정대현",21990,ISO22716:2007,KSGA-170678,2017-08-07,,2026-08-07,2029-08-06,"화장품(기초화장용제품, 기능성화장품, 바디용제품, 두발용제품), 화장품 원료(펩타이드, 단백질, 식물줄기세포)의 제조",A-03,A-08,A-11
414,KAB,㈜바이오에프디엔씨(화순),인증완료,408-85-26313,전남,전라남도 화순군 화순읍 산단길 106,1,061-373-8381,dishin@biofdnc.com,061-373-8382,신동일 과장,"정대현, 모상현",58141,ISO22716:2007,KSGA-170387,2020-02-20,,2026-02-20,2029-02-19,"화장품(기초화장용제품, 기능성화장품, 두발용제품), 화장품 원료(펩타이드, 단백질, 식물줄기세포)의 제조",1211,,
415,KAB,신일화학㈜,인증완료,202-81-42186,충북,충북 음성군 금왕읍 금왕테크노3길 20 (봉곡리),1,031-790-0812,shinilcoltd@naver.com,031-790-0813,조영기 차장,이재준,27681,ISO 9001:2015,Q230085,2015-12-31,,2024-12-16,2027-12-30,"철도차량 부품 (유니텍스, 레벨링컴파운드, 지붕도막재, 방음도료, 내화도료), 자동차 부품(언더코팅제)의 생산",12,,
416,KAB,대성전장,인증취소,514-24-09340,대구,대구 달성군 논공읍 비슬로357길 11-1 (금포리),1,053-616-7842,k7653255@naver.com,053-616-7843,김수락 대표,김수락,42968,ISO 9001:2015,Q230049,2016-12-05,2022-12-05,2023-11-06,2025-12-04,자동차 부품(전장부품)의 생산,18,,
417,KAB,㈜홈캐스트,,215-81-91010,서울,"서울 강남구 언주로 726 (논현동, 두산빌딩)",,02-3400-8356,hkkang@homecast.net,02-3445-8783,강현규 차장,권영철,6057,ISO 9001:2015/ISO 14001:2015,,2016-12-05,2022-12-05,2023-11-06,2025-12-04,"디지털 방송수신기(DVB, DMB)의 설계, 개발, 제조 및 부가서비스",1921,,
418,KAB,중산하이픽스㈜,인증완료,137-81-78492,경기,경기 김포시 통진읍 가현로85번길 151 (가현리),2,031-983-2601,spacer3661@hanmail.net,031-986-2498,송기정 이사,송도근,10030,ISO 9001:2015,Q240231,2009-09-03,,2024-08-19,2027-09-02,"스페이셔 제품, 건축자재(Leveler, 통Corner)의 설계, 개발 및 생산",14,,
419,KAB,㈜통광,인증완료,209-81-13590,서울,서울 성북구 보문로 82-3 (보문동4가),2,02-929-6031,tkelec6031@daum.net,02-929-6037,김지수 대리,박용준,2852,ISO9001:2015/ISO14001:2015/ISO 45001:2018,OH230003,2013-10-11,,2025-09-15,2028-10-10,"건축물 및 플랜트설비에 대한 전기공사, 소방공사, 통신공사, 계장공사 및 토목공사",28,,
420,KAB,화인프로세스㈜,인증완료,417-81-43512,전남,전남 여수시 여천1길 48-18 (여천동),1,061-681-5607,johfine@hanmail.net,061-684-5017,이효정 과장,정오훈,59635,ISO9001:2015/ISO14001:2015/ISO 45001:2018,E240185,2016-06-20,,2025-06-16,2028-06-19,"Automatic Control panel(케이스포함)의 설계, 제작 및 전기공사",17,19,28
421,KAB,대명산업,인증완료,113-14-89517,경기,경기 시흥시 금오로477번길 44 (과림동),1,02-2612-6438,eoaud611@naver.com,02-2614-1780,남인호 부장,장만수,14926,ISO 9001:2015,Q240120,2016-04-25,,2025-02-24,2028-04-24,"방진스프링마운트, 방진스프링행거, 방진고무, 방진패드의 설계, 개발 및 생산",14,,
422,KAB,(주)익스톨,,116-81-54983,경기,경기 안산시 단원구 엠티브이1로43번길 27 (성곡동),,--,yhyoo@extolchem.com,--,유양현 차장,허욱환,15657,ISO 9001:2015/ISO 14001:2015,,2016-04-25,,2025-02-24,2028-04-24,금속표면처리 약품의 개발 및 제조,1211,,
423,KAB,나노테크미쿠니㈜,인증완료,120-86-65989,경기,경기 평택시 청북읍 현곡산단로 30,1,031-683-3634,hy-lee@mikuni-color.co.jp,031-683-3635,이효세 과장,KUBOTA YUTAKA,17812,ISO 9001:2015/ISO 14001:2015,E230096,2016-02-05,,2025-02-03,2028-02-04,LCD 칼라필터용 착색제(밀베이스)의 제조 및 부가서비스,12,,
424,KAB,㈜제이앤와이스타일,,142-81-37848,경기,경기 용인시 기흥구 구성로 134 (언남동),1,070-7097-0896,saint323x@naver.com,031-624-1364,계선영 부장,강정희,16919,ISO 9001:2015,,2016-02-05,,2025-02-03,2028-02-04,"여성구두에 대한 디자인, 개발, 도소매, 제작",1352,,
425,KAB,주식회사 대월엔지니어링,,293-87-01219,전남,전남 목포시 대양산단로 69 (대양동),1,061-795-3955,daewoleng@naver.com,062-385-3933,임승철 대표,임승철,58600,ISO 9001:2015,,2016-02-05,,2025-02-03,2028-02-04,"1. 전기공사의 설계 및 시공 2. 배전반, 전기제어장치, 태양광발전 장치의 제작",3232,2439,
426,KAB,㈜세광플러스,인증완료,412-81-31156,전남,전남 나주시 왕곡면 혁신산단5길 121,1,070-7713-0676,kim8454004@hanmail.net,062-384-6334,김숙현 부장,임혜주,58296,ISO 9001:2015,OH240168,2024-04-08,,2024-04-08,2027-04-07,"1. 전기공사에 대한 설계, 시공 및 종합감리 2. 정보통신공사에 대한 설계 및 종합감리 3. 신재생에너지(열분야, 전기분야, 연료전지)의 설계 및 시공 4. 태양광 발전장치의 설계, 제조, 설치 및 유지보수 5. 태양열 집열기의 설치 및 유지보수 6. 태양광발전 접속함의 설계 및 제조 7. 금속창호, 지붕건축물조립공사의 시공",19,28,34
427,KAB,㈜일광종합기술단,인증완료,410-81-82853,광주,광주광역시 서구 무진대로 571-2 (덕흥동),1,070-7713-0675,kim8454004@hanmail.net,0507-890-4785,김숙현 부장,"임순희, 김나나",61900,ISO 9001:2015,Q240127,2018-06-08,,2024-05-20,2027-06-07,"1. 전기공사에 대한 설계, 시공 및 종합감리 2. 신재생에너지 (열분야, 전기분야, 연료전지)의 설계 및 시공 3. 태양광 발전장치의 설계, 제조, 설치 및 유지보수 4. 태양열 집열기의 설치 및 유지보수 5. 태양광발전 접속함의 설계 및 제조",19,28,34
428,KAB,㈜제이와이글로벌패션,,324-88-00976,서울,"서울 성동구 연무장13길 9 (성수동2가, 아이템플)",1,02-6462-7011,seenkey@hotmail.com,02-6462-7204,황신기 부장,김진훈,4783,ISO 9001:2015,,2018-06-08,,2024-05-20,2027-06-07,의류의 디자인 및 생산,1351,,
429,KAB,(주)예담엔지니어링,인증완료,409-86-34958,전북,전북특별자치도 전주시 완산구 평화11길 4 (평화동2가),1,062-375-5285,yedam3285@naver.com,062-375-5286,전희정 상무,김장관,55124,ISO 9001:2015,Q240135,2019-04-02,,2025-03-24,2028-04-01,1. 전기공사의 설계 및 시공 2. 태양광 발전 장치의 설치 및 유지보수 3. 태양열 집열기의 설치 및 유지보수,28,,
430,KAB,㈜이룸교육원,,197-88-01301,서울,"서울 동작구 노량진로 104 (노량진동, 리더스타워)",1,02-833-0522,falannamu@naver.com,02-833-0514,김철윤 부원장,이재남,6928,ISO 9001:2015,,2019-04-02,,2025-03-24,2028-04-01,교육서비스,7830,2840,
431,KAB,주식회사 해드림이엔지,,410-87-09761,광주,광주광역시 북구 첨단벤처소로37번길 64 (월출동),1,062-268-2588,hdeng4577@naver.com,062-268-2589,고진아 실장,송상진,61003,ISO 9001:2015,,2019-04-02,,2025-03-24,2028-04-01,"1. 전기공사 2. 금속구조물 공사 및 태양광 공사 3. 금속구조물의 제조 4. 태양광발전시스템의 개발, 설계, 생산, 설치, 보수 5. 태양광발전 접속함의 설치, 보수",2439,,
432,KAB,세정금속,인증완료,606-27-72823,부산,부산 사상구 삼락천로 188,1,051-325-1488,rjtjdrldjq@nate.com,051-309-0130,권순석 차장,표수야,46923,ISO 9001:2015,Q240217,2015-07-17,,2024-07-15,2027-07-16,아연바렐 및 아연렉크의 도금,17,,
433,KAB,효천푸드,인증완료,127-32-27509,경기,경기 포천시 가산면 마전길 14 (마전리),1,031-541-8377,kemp3756@gmail.com,--,최재용 부장,김은순,11165,ISO 22000:2018/FSSC 22000(Version 6),25-FSSC-0421,2018-09-19,2023-10-20,2025-08-07,2026-10-19,국수의 제조,CⅣ,,
434,KAB,청산비나,,106-69-4397,,,1,--,cheongsanvina@gmail.com,--,김재환 본부장,Hae Yong Gil,,ISO 22000:2018,,2018-09-19,2023-10-20,2025-08-07,2026-10-19,"""김치, 파우더, 소스류의 제조 농산물의 가공 및 식품유통 """,CⅡ,,
435,KAB,SWYM COMPANY LIMITED,,108-04-6296,,,1,2473-003-111,Tlarbdyd815@gmail.com,--,정재봉,심규용,,ISO 22000:2005,,2018-09-19,2023-10-20,2025-08-07,2026-10-19,"김치, 육류, 생선류, 파우더, 소스류의 제조 및 식품유통",CⅠ,CⅡ,
436,KAB,한양식품,,412-06-93136,전남,"전남 나주시 문평면 다시로 82 (옥당리, (주)한양식품)",1,061-335-4651,hyfood4651@naver.com,061-335-4591,김동현 부사장,김종열,58286,ISO 22000:2018,,2018-09-19,2023-10-20,2025-08-07,2026-10-19,"피클절임식품, 양념식품, 조림식품의 제조",CⅢ,,
437,KAB,유니크바이오텍 주식회사,인증완료,302-81-24265,전북,전북 익산시 왕궁면 푸드폴리스로8길 69 (동촌리),1,063-838-8877,ubtc3@uniquebiotech.co.kr,043-745-6886,김미영 부장,허용갑,54576,ISO 22000:2018,KOR/FSMS/00335/7651,2019-08-06,,2025-08-06,2028-08-05,건강기능식품(프로폴리스)의 개발 및 제조,K,,
438,KAB,㈜비에스티,인증완료,214-86-59458,경기,"경기 성남시 중원구 사기막골로45번길 14 (상대원동, 성남 우림 라이온스밸리)",1,031-745-5885,ej9247@ibst.kr,031-8018-2136,김은정 팀장,이호,13209,ISO 22000:2018,KOR/FSMS/00345/7697,2019-09-11,,2025-09-11,2028-09-10,"식품원료(분말, 액상)의 제조 (추출, 혼합, 여과, 포장)",CⅣ,,
439,KAB,코리워터스,,117-07-45546,강원,강원 원주시 귀래면 북원로 879 (귀래리),1,033-761-7796,koriwater@naver.com,033-761-7190,이필란 대표,이필란,26500,ISO 22000:2005,,2019-09-11,,2025-09-11,2028-09-10,미네랄 생수의 제조,CⅣ,,
440,KAB,주식회사 브라운스토리,,323-86-00080,강원,강원 횡성군 횡성읍 청용길 35,1,033-345-1540,muksudang@naver.com,033-345-1541,이민수 대표,이민수,25241,ISO 22000:2018,,2019-09-11,,2025-09-11,2028-09-10,빵과 피자의 제조,CⅢ,,
441,KAB,아이디어플랩 유한회사,,308-81-44478,서울,서울 종로구 창덕궁1가길 11 (계동),1,02-6263-3430,seji.kim@ideaplab.com,02-6442-3430,"김세지 팀장, 김가연 대리","최용석, 사무엘앨런도우슨",3057,ISO 22000:2018,,2019-09-11,,2025-09-11,2028-09-10,휴게음식점의 관리 및 서비스,E,,
442,KAB,주식회사 엘케이샘물,인증완료,613-81-58398,경남,"경상남도 산청군 삼장면 친환경로 462-30 (덕교리, (주)지리산수)",1,055-974-3000,algaekr@lkwater.co.kr,055-574-3009,박정원 실장,김희자,52233,ISO 22000:2018,KOR/FSMS/00271/7125,2018-09-12,,2024-09-12,2027-09-11,샘물의 제조 및 병입,CⅣ,,
443,KAB,몽고식품㈜,,609-85-03927,경남,경남 창원시 의창구 팔용로371번길 18 (팔용동),1,055-296-2210,cklee9@hanmail.net,055-292-2202,이창권 연구소장/이사,김현승,51395,ISO 22000:2005,,2018-09-12,,2024-09-12,2027-09-11,간장의 생산,CⅡ,,
444,KAB,㈜상촌식품,인증완료,215-81-83655,경기,"경기도 용인시 처인구 백암면 박곡로216번길 20-62 (박곡리, 상촌식품)",1,031-339-1281,sangchon4289@naver.com,031-333-0621,김동호 상무,권기옥,17179,ISO 22000:2018,KOR/FSMS/00130/6028,2017-01-25,,2026-01-25,2029-01-24,"장류(된장, 고추장, 청국장, 혼합장, 간장)의 제조",CⅡ,,
445,KAB,㈜금비 온양공장,인증취소,312-85-05550,충남,충남 아산시 실옥로 156 (실옥동),1,041-544-9280,jhhwang@kumbi.co.kr,041-544-9284,황정하 사원,고기영,31501,ISO 22000:2018,KOR/FSMS/00049/5273,2015-08-05,,2021-03-03,2024-03-02,유리병의 개발 및 생산,I,,
446,KAB,거제농산물수출영농조합법인,,612-81-32153,경남,"경남 거제시 거제면 읍내로 293-5 (옥산리, 농협농산물가공공장)",1,055-636-1494,geojeyuja@hanmail.net,055-636-1496,남기봉 대표,남기봉,53284,ISO 22000:2005,,2015-08-05,,2021-03-03,2024-03-02,"액상차 (유자차, 생강차), 유자빵의 제조",CⅣ,,
447,KAB,한라식품,인증완료,511-02-82428,경북,경북 상주시 함창읍 영동길 9-15 (오동리),1,054-541-5112,hallafood@hallafood.com,054-541-5114,"박현숙 부장, 강진욱 과장",이재한,37112,ISO 22000:2018,KOR/FSMS/00080/5697,2016-05-17,,2025-05-17,2028-05-16,참치소스의 제조,CⅣ,,
448,KAB,농업회사법인 주식회사 상하식품,,885-87-00891,경북,경북 문경시 가은읍 가은공단길 88 (왕능리),1,054-572-2266,shfood2014@naver.com,054-572-2267,이미화 대리,박상하,36995,ISO 22000:2018,,2016-05-17,,2025-05-17,2028-05-16,절임식품의 제조,CⅡ,,
449,KAB,㈜엠제이바이오,인증취소,723-87-00496,부산,부산 금정구 공단로 68-16 (금사동),1,051-522-5245,Minjun0958@naver.com,051-523-5245,박근식 이사,김민준,46332,ISO 22000:2018,KOR/FSMS/00223/6626,2017-12-05,,2023-12-05,2026-12-04,혼합음료의 제조,CⅣ,,
450,KAB,토당식품영농조합법인,인증완료,407-81-19465,전북,전북특별자치도 순창군 풍산면 향가로 334-4 (한내리),1,063-652-7481,lkd2259@hanmail.net,0505-310-4640,고윤희 과장,전대완,56055,ISO 22000:2018,KOR/FSMS/00400/8039,2017-07-21,,2026-07-29,2029-07-28,장류식품의 제조,CⅣ,,
451,KAB,다약정,,507-04-58262,경북,경북 울진군 울진읍 호월4길 106-4 (호월리),1,054-783-8060,Bjy1215kr@naver.com,054-783-8060,배재영 대표,배재영,36328,ISO 22000:2005,,2017-07-21,,2026-07-29,2029-07-28,"다류,(바위솔)의 생산",CⅣ,,
452,KAB,청강원영농조합,,224-14-54206,강원,강원 원주시 문막읍 쪽섬길 2 (반계리),1,033-731-3646,01037272711@hanmail.net,033-731-3688,이영복 대표,이영복,26361,ISO 22000:2018,,2017-07-21,,2026-07-29,2029-07-28,"오미자 농축액, 약도라지 진청의 제조",CⅡ,,
453,KAB,(농) 그린합명회사 각남공장,,814-85-00425,경북,경북 청도군 각남면 녹명1길 27 (녹명리),1,054-373-7334,Ilyeon4125@daum.net,054-373-7335,박일연,박희주,38320,ISO 22000:2005,,2017-07-21,,2026-07-29,2029-07-28,버섯가공식품의 제조,CⅣ,,
454,KAB,지리산피아골식품영농조합법인,,416-81-79884,전남,전남 구례군 토지면 직전길 15 (내동리),1,061-782-3468,forever3468@naver.com,061-783-3468,김미선 대표,김미선,57622,ISO 22000:2018,,2017-07-21,,2026-07-29,2029-07-28,"간장, 된장, 고추장, 청국장의 제조",CⅣ,,
455,KAB,세웅수산,,507-81-00868,경북,경북 영덕군 강구면 강영로 84 (강구리),1,054-732-8131,yeol18@koreacrab.com,054-732-8134,권경열,김경호,36454,ISO 22000:2018,,2017-07-21,,2026-07-29,2029-07-28,"붉은대게의 개발, 생산 및 부가서비스",CⅠ,,
456,KAB,㈜산엔들,,613-81-55106,경남,"경남 산청군 차황면 신차로2000번길 89 (상중리, 농업회사법인(주)산들)",1,055-974-3311,bagjin430@hanmail.net,055-972-9944,이향만,박덕선,52206,ISO 22000:2018,,2017-07-21,,2026-07-29,2029-07-28,"오메가3, 약초젤리, 약초환, 들깨기름, 참깨기름, 삼초유의 제조",K,,
457,KAB,농업회사법인 ㈜함양산양삼,,611-81-20668,경남,경남 함양군 안의면 광풍로 129-2 (당본리),1,055-964-0583,hywgs@naver.com,055-963-9742,김소성 사원,이종상,50009,ISO 22000:2018,,2017-07-21,,2026-07-29,2029-07-28,산양삼의 제품의 제조,CⅣ,,
458,KAB,㈜휴먼바이오,,166-87-01542,충남,충남 공주시 한적2길 52-103 (금흥동),1,041-539-9936,miyoung4@naver.com,041-539-9937,정주영 대표,정주영,32568,ISO 22000:2018,,2017-07-21,,2026-07-29,2029-07-28,식품의 유통(음료),FⅡ,,
459,KAB,영농조합법인 신안솔트,인증취소,411-81-55607,전남,전남 신안군 임자면 임자로 87-1 (진리),1,061-262-3800,imja3300@hanmail.net,061-262-3900,박숙희 이사,강운철,58802,ISO 22000:2018,KOR/FSMS/00052/5277,2015-08-05,,2024-08-05,2027-08-04,천일염 및 구운 소금의 제조,CⅣ,,
460,KAB,㈜태신프린팅 비나,인증완료,455-50-83778,,,1,22-2373-4550,ik0304@gomun.co.kr,--,박인규,황선기,,ISO 22000:2018,23-E-1430,2020-02-25,,2023-03-07,2026-02-24,"식품용 종이용기(컵, 두껑), 종이빨대의 개발 및 제조",I,,
461,KAB,㈜한풍네이처팜,인증완료,898-85-01140,전북,전북 완주군 봉동읍 테크노밸리2로 91 (장구리),1,063-715-0045,kek6681@nate.com,063-715-0047,김은경 이사,"조인식, 조형권",55314,ISO 22000:2018,KOR/FSMS/00323/7576,2019-06-13,,2025-06-13,2028-06-12,"건강기능식품 및 일반건강식품의 연구, 개발 및 제조",CⅣ,,
462,KAB,풍기인삼나라영농조합법인,,512-81-16964,경북,경북 영주시 풍기읍 소백로 2156 (산법리),1,054-634-3489,365ceoo@naver.com,054-635-3380,김영식 대표,김영식,36041,ISO 22000:2005,,2019-06-13,,2025-06-13,2028-06-12,홍삼 가공 식품,CⅡ,,
463,KAB,㈜수정실업,인증취소,126-86-13325,경기,경기 이천시 호법면 중부대로 797-7 (안평리),1,031-638-4141,yong@soojoung.kr,031-638-0960,남용진 과장,이정수,17392,ISO 22000:2018,KOR/FSMS/00189/6406,2017-09-11,,2023-09-11,2026-09-10,"식품산업용 연성 포장재의 제조(그라비아인쇄, 라미네이션, 재단, 제대)",I,,
464,KAB,김상우푸드,,424-45-00148,경남,경남 김해시 주촌면 서부로1541번길 148-14 (내삼리),1,055-314-9259,Doorai54@naver.com,--,김상우 대표,김상우,50877,ISO 22000:2018,,2017-09-11,,2023-09-11,2026-09-10,소스의 개발 및 제조 / 식육포장의 가공,CⅠ,,
465,KAB,에프앤에스푸드㈜,,232-81-05033,경남,"경남 진주시 문산읍 월아산로 991 (삼곡리, (재)진주바이오산업진흥원)",1,-7030,Fnsfood1353@naver.com,055-758-9924,백승정 차장,이정현,52839,ISO 22000:2018,,2017-09-11,,2023-09-11,2026-09-10,"누룽지, 과일청의 개발 및 제조",CⅡ,,
466,KAB,하동율림영농조합법인,,613-81-38510,경남,경남 하동군 하동읍 섬진강대로 2413-15 (화심리),1,055-884-4482,altori4u@hanmail.net,055-884-4483,박영란 과장,최경태,52322,ISO 22000:2018,,2017-09-11,,2023-09-11,2026-09-10,밤 가공품의 개발 및 생산,CⅡ,,
467,KAB,예인화원,,505-13-58083,경북,경북 경주시 남산동 1011-1,1,054-771-7088,kdn3424@naver.com,054-771-7087,고은혜 대표,고은혜,38174,ISO 22000:2005,,2017-09-11,,2023-09-11,2026-09-10,"과실주, 증류수 (포도와인)의 제조",CⅣ,,
468,KAB,농업회사법인 진영 유한회사,,505-81-81278,경북,경북 경주시 율동원길 52-47 (율동),1,054-745-0880,wlsl1662@naver.com,054-742-0123,손석만 대표,손석만,38189,ISO 22000:2005,,2017-09-11,,2023-09-11,2026-09-10,"유과, 조청, 한과, 엿의 제조",CⅣ,,
469,KAB,주식회사 핀컴퍼니,,488-81-00489,전북,"전북 익산시 왕궁면 푸드폴리스로 121 (광암리, (주)핀컴퍼니)",1,063-838-5301,fin_company@naver.com,063-838-5303,신주연 대표,신주연,54576,ISO 22000:2005,,2017-09-11,,2023-09-11,2026-09-10,"빵류(바움쿠헨, 롤 케이크, 크레이프)의 제조",CⅣ,,
470,KAB,㈜삼미식품,,140-81-33171,경기,경기 시흥시 신천로25번길 24 (신천동),2,031-316-5540,skajhlove@naver.com,031-316-5543,이상귀 부장,유완현,14952,ISO 22000:2018,,2017-09-11,,2023-09-11,2026-09-10,식품(떡류)의 제조 및 가공,CⅣ,,
471,KAB,㈜마이비,,586-81-00236,서울,"서울 성동구 성수이로 51 (성수동2가, 서울숲한라시그마벨리)",1,02-977-5613,seul0923@mybcorp.co.kr,--,이슬기,김용운,4781,ISO 22000:2018,,2017-09-11,,2023-09-11,2026-09-10,"건강냉동식품(도시락, 떡볶이, 빵, 쿠키)의 제조",CⅢ,,
472,KAB,네오라이프㈜,,224-81-62839,강원,강원 원주시 판부면 용수골길 140-6 (서곡리),1,--,neolife6788@naver.com,033-742-6288,오태균 대표,오태균,26402,ISO 22000:2005,,2017-09-11,,2023-09-11,2026-09-10,커피 (유황발효건강커피)의 제조,CⅣ,,
473,KAB,오천산업㈜,,417-81-03543,전남,"전남 여수시 망양로 464 (오천동, 오천산업)",1,061-651-9409,m1052h@naver.com,061-651-9413,조인순 대표,조인순,59621,ISO 22000:2018,,2017-09-11,,2023-09-11,2026-09-10,"건어물, 조미 건어물 및 냉동수산식품의 개발 및 생산",CⅠ,,
474,KAB,주식회사 제이에스코리아,,746-88-00889,전남,"전남 완도군 완도읍 농공단지6길 21-13 (죽청리, 하이앤드푸드)",1,061-555-1836,kuani@hanmail.net,061-553-1837,임정석 대표,임정석,59108,ISO 22000:2005,,2017-09-11,,2023-09-11,2026-09-10,"전복, 굴, 홍게 가공식품(캔, 냉동) 의 개발 및 생산",CⅠ,,
475,KAB,이조케터링서비스 ㈜,,105-81-51123,서울,"서울 마포구 마포대로 63-8 (도화동, 삼창프라자빌딩)",1,02-718-5151,sook1714@naver.com,02-718-1118,정순희 과장,이헌우,4157,ISO 22000:2005,,2017-09-11,,2023-09-11,2026-09-10,단체급식용 식음료의 제조,E,,
476,KAB,바이셀,,312-21-71121,충북,충북 괴산군 소수면 길선1길 35-14 (길선리),1,043-834-3005,Ycjoo777@yahoo.co.kr,043-834-3006,주예진 팀장,주영철,28041,ISO 22000:2018,,2017-09-11,,2023-09-11,2026-09-10,"윤산균 분말, 윤산균 음료, 발효 홍삼, 한방환의 제조",CⅣ,,
477,KAB,농업회사법인 소르젠골드㈜,,668-87-00020,충남,충남 아산시 신동길 118 (신동),1,041-531-7779,jmo4085@hanmail.net,041-531-7715,조돈목 대표,조돈목,31476,ISO 22000:2005,,2017-09-11,,2023-09-11,2026-09-10,"감자전분, 고구마전분, 냉동채소 및 건조야채의 개발 및 제조",CⅣ,,
478,KAB,해냄일터,,132-82-11979,경기,"경기 구리시 검배로 126 (토평동, 신성빌딩)",1,031-562-1911,gosoa1911@naver.com,031-562-1912,허철 대리,이대균,11945,ISO 22000:2018,,2017-09-11,,2023-09-11,2026-09-10,커피 및 비알콜 음료의 제조,CⅣ,,
479,KAB,㈜대흥푸드,,130-86-20091,인천,"인천 서구 검단로93번길 9 (오류동, 대흥푸드)",1,032-715-5785,Csh0929@daeheungfood.com,032-715-5786,최윤성 팀장,"정점례, 장순묵",22653,ISO 22000:2005,,2017-09-11,,2023-09-11,2026-09-10,"냉동수산 조미식품, 축산물 분쇄 가공품, 농산물 가공품의 개발 및 제조",CⅠ,CⅡ,
480,KAB,농업회사법인 주식회사 동호식품,,222-81-22845,강원,"강원 동해시 구미1길 33 (구미동, (주)동호식품 약천김치)",1,033-521-6413,bok1394@hanmail.net,033-521-2193,김복자 대표,김복자,25791,ISO 22000:2005,,2017-09-11,,2023-09-11,2026-09-10,김치류의 개발 및 제조,CⅣ,,
481,KAB,원주자연식품,,361-39-00190,강원,강원 원주시 관설안길 9,1,070-4230-7596,010345kby@naver.com,033-766-7595,김병용 대표,김병용,26472,ISO 22000:2005,,2017-09-11,,2023-09-11,2026-09-10,"막국수, 막국수가루, 육수 및 양념장의 개발 및 제조",CⅢ,,
482,KAB,㈜예주식품,,314-86-47761,대전,대전 서구 도마8길 16 (도마동),1,042-524-7205,mimiso70@hanmail.net,042-525-7205,박희연 대표,박희연,35331,ISO 22000:2005,,2017-09-11,,2023-09-11,2026-09-10,한과의 개발 및 제조,CⅣ,,
483,KAB,㈜농업회사법인 원진,,386-87-00813,경북,경북 경주시 건천읍 내서로 1501 (모량리),1,054-771-8857,yh2030yh@naver.com,054-773-8857,박기덕 대표,박기덕,38180,ISO 22000:2005,,2017-09-11,,2023-09-11,2026-09-10,한국전통과자 (누룽지)의 제조,CⅣ,,
484,KAB,㈜내츄럴코어,,301-86-20067,전북,전북 고창군 부안면 복분자로 434-50 (용산리),1,063-564-0910,kkcm1392@naver.com,063-562-5580,강창명 과장,김택한,56417,ISO 22000:2005,,2017-09-11,,2023-09-11,2026-09-10,"과채류, 한방류의 농축액 제조",CⅡ,,
485,KAB,㈜차연,,312-86-52327,충남,"충남 천안시 동남구 수신면 송내길 47 (장산리, (주)코스틸)",1,041-622-8766,khr845@hanmail.net,041-622-8768,양순모,박남수,31252,ISO 22000:2005,,2017-09-11,,2023-09-11,2026-09-10,"식품농축액(쌍화, 사과, 포도), 식품향료(파인애플, 인삼, 홍삼, 쌍화)의 개발 및 제조",CⅡ,,
486,KAB,장애인보호작업장 솔빛터,,127-41-19807,경기,경기 의정부시 산단로76번길 93 (용현동),1,031-821-6920,Ms6040@daum.net,031-821-6919,서지수,채명숙,11787,ISO 22000:2005,,2017-09-11,,2023-09-11,2026-09-10,"김가공품(조미김, 자반김, 도시락김)의 제조",CⅣ,,
487,KAB,윤가네장독대,,222-09-83661,강원,강원 삼척시 노곡면 노곡로 179 (상월산리),1,033-573-8441,kiaysn21@hanmail.net,033-575-2550,김명희 대표,김명희,25940,ISO 22000:2005,,2017-09-11,,2023-09-11,2026-09-10,"장류 (고추장, 된장, 청국장, 간장, 기타장), 가자미식해 및 액상차 (매실청)의 개발 및 제조",CⅣ,,
488,KAB,㈜제주돈누리포크,,616-81-32117,제주,제주특별자치도 제주시 오등14길 35-1 (오등동),1,064-724-8020,dnlpork@naver.com,064-724-8023,고성근 대표,고성근,63240,ISO 22000:2005,,2017-09-11,,2023-09-11,2026-09-10,돈육(포장육)의 가공 및 제조,CⅠ,,
489,KAB,광주시 장애인보호 작업장,,228-82-60956,경기,경기 광주시 곤지암읍 광여로 166-12 (열미리),1,031-768-6357,gwangju2340@hanmail.net,031-768-6358,최창무,권미영,12717,ISO 22000:2005,,2017-09-11,,2023-09-11,2026-09-10,견과류의 제조,CⅡ,,
490,KAB,버드로그,,441-87-00653,대전,"대전 유성구 가정북로 68 (장동, 대덕대학교)",1,042-365-2757,yyy@birdlog.co.kr,042-364-2757,임유영 대표,임유영,34111,ISO 22000:2005,,2017-09-11,,2023-09-11,2026-09-10,"조류 사료 (알곡, 미네랄블럭, 견과류, 과일믹스)의 개발 및 제조",DⅠ,,
491,KAB,사랑on,,129-82-12822,경기,"경기 성남시 중원구 사기막골로62번길 37 (상대원동, 스타타워)",1,031-8018-5070,sarang_on@hanmail.net,031-8018-5071,정성복 과장,이상모,13211,ISO 22000:2005,,2017-09-11,,2023-09-11,2026-09-10,도시락의 제조,E,,
492,KAB,㈜케비젠,,220-81-94396,전북,전북 전주시 덕진구 반룡로 62 (팔복동2가),2,063-214-1691,chebigen08@naver.com,063-214-1692,신홍식 대표,신홍식,54853,ISO 22000:2005,,2017-09-11,,2023-09-11,2026-09-10,건강기능식품(유산균 및 오메가 3 이중마이크로캡슐)의 개발 및 제조,K,,
493,KAB,농업회사법인 주식회사 아침미소,,616-81-91440,제주,제주특별자치도 제주시 첨단동길 160-20 (월평동),1,064-653-7736,nongwony@hanmail.net,064-752-2545,이원시,양혜숙,63311,ISO 22000:2005,,2017-09-11,,2023-09-11,2026-09-10,"치즈(모짜렐라 치즈, 스트링 치즈, 구워먹는 치즈)와 유제품(우유, 요거트)의 가공 및 제조",CⅠ,,
494,KAB,(주)포세카 평택지점,인증취소,705-85-00081,경기,경기 평택시 고덕면 여염리 1647,1,02-711-1325,yechae@foseca.com,02-711-1329,채영은 과장,윤찬혁,17786,ISO 22000:2018,KOR/FSMS/00428/9060,2016-02-01,,2025-06-13,2028-06-12,단제급식의 서비스,E,,
495,KAB,㈜에이치앤포세카,인증완료,486-88-00459,서울,"서울 마포구 큰우물로 75 (도화동, 성지빌딩)",1,02-711-1328,yechae@foseca.com,02-703-4589,채영은 과장,윤찬혁,4158,ISO 22000:2018,KOR/FSMS/00427/9059,2016-08-03,,2025-06-13,2028-06-12,단체급식 서비스,E,,
496,KAB,㈜8푸드,,105-87-47806,서울,서울 종로구 종로8길 17 (관철동),1,070-4946-2794,8food-in@naver.com,02-338-8710,김예은,강경환,3189,ISO 22000:2018,,2016-08-03,,2025-06-13,2028-06-12,"소스류, 파우더류의 제조 및 유통",CⅣ,,
497,KAB,㈜오엠푸드,,209-81-63635,서울,"서울 성북구 동소문로17길 37 (동소문동6가, 한강팰리스)",1,02-928-5669,jis@ovenmaru.com,02-927-5662,정이삭,박성우,2830,ISO 22000:2018,,2016-08-03,,2025-06-13,2028-06-12,"소스류, 파우더류의 제조 및 유통",CⅣ,,
498,KAB,㈜우리집식품,,126-81-79147,경기,"경기 동두천시 천보산로639번길 23-10 (탑동동, 김치공장)",1,031-868-8510,minsok2004@naver.com,031-868-8511,윤인 팀장,윤종문,11360,ISO 22000:2005,,2016-08-03,,2025-06-13,2028-06-12,김치의 생산,CⅢ,,
499,KAB,진안종합식품,,136-16-61549,인천,"인천 강화군 하점면 고려산로 89-7 (부근리, 진안종합식품)",1,032-933-4601,jahks@naver.com,032-933-2914,한상일 부장,한광성,23014,ISO 22000:2005,,2016-08-03,,2025-06-13,2028-06-12,단무지의 생산,CⅡ,,
500,KAB,스위트몬스터㈜,,128-87-10641,경기,경기 고양시 일산동구 은마길 163-34 (설문동),1,031-904-9233,jmkin@sweetmonster.co.kr,02-6499-9233,김종민 이사,박대철,10252,ISO 22000:2005,,2016-08-03,,2025-06-13,2028-06-12,아이스크림 파우더 및 팝콘의 유통,FⅡ,,
501,KAB,미성포장산업㈜,,135-81-16205,경기,"경기 용인시 처인구 모현읍 오산로13번길 48-2 (오산리, 미성포장)",1,031-334-5744,seykyu@hanmail.net,031-334-0598,오세규 대표,오세규,16885,ISO 22000:2005,,2016-08-03,,2025-06-13,2028-06-12,포장재의 생산,I,,
502,KAB,㈜한경기획,,621-81-86842,서울,서울 마포구 토정로 318 (용강동),1,02-3144-7856,cms0914@hkcomm.co.kr,02-3144-7866,최명수,한경민,4165,ISO 22000:2005,,2016-08-03,,2025-06-13,2028-06-12,"프랜차이즈 사업 및 운영 (떡볶이, 튀김, 돈까스, 스테이크)",FⅠ,,
503,KAB,광채식품,,304-08-83030,충북,충북 제천시 고명로 175 (고명동),1,043-653-2300,jsk6532300@nate.com,043-653-2310,지상규 대표,지상규,27134,ISO 22000:2005,,2016-08-03,,2025-06-13,2028-06-12,고추가루의 생산,CⅣ,,
504,KAB,㈜탐란코리아,,314-86-26427,세종,세종특별자치시 연동면 원합강1길 99 (명학리),1,044-862-4966,tamlan0201@naver.com,044-862-4966,민계식 대표,민계식,30067,ISO 22000:2005,,2016-08-03,,2025-06-13,2028-06-12,건강기능식품 (송침유 사용)의 유통,GⅡ,,
505,KAB,(유)바다향,,401-81-43574,전북,"전북 군산시 서수면 상장곤윗길 79-1 (마룡리, 유)바다향)",1,063-451-0034,r10034@hanmail.net,063-461-6668,유형주 대리,금기홍,54052,ISO 22000:2005,,2016-08-03,,2025-06-13,2028-06-12,조미김의 제조,CⅣ,,
506,KAB,농업회사법인 생기찬㈜,,418-81-42404,전북,전북 무주군 무풍면 금척로 63 (금평리),1,063-324-4893,700ask@hanmail.net,063-324-4892,조현숙 이사,최영,55560,ISO 22000:2005,,2016-08-03,,2025-06-13,2028-06-12,사과주스와 오미자 발효원액의 제조,CⅡ,,
507,KAB,㈜금산몰,,305-81-99218,충남,충남 금산군 금산읍 엄나무길 8-4 (신대리),1,041-753-0222,cc2838@naver.com,041-752-9988,진창순 이사,서병훈,32724,ISO 22000:2005,,2016-08-03,,2025-06-13,2028-06-12,인삼류 및 홍삼류의 가공식품,CⅡ,,
508,KAB,㈜엘림아이앤씨,,589-86-00415,경기,경기 파주시 경의로 1092 (야당동),1,031-8074-0922,longing_01@naver.com,0505-820-1311,오제희 대표,오제희,10908,ISO 22000:2005,,2016-08-03,,2025-06-13,2028-06-12,"홍삼 제품의 생산 (엑기스, 절편, 환)",CⅡ,,
509,KAB,㈜제이케이글로벌,,137-81-90031,서울,"서울 금천구 가산디지털2로 115 (가산동, 대륭테크노타운3차)",1,02-6959-9259,hs7961264@naver.com,02-6959-9260,박영민 차장,박정근,8505,ISO 22000:2005,,2016-08-03,,2025-06-13,2028-06-12,염지육과 후라이드 치킨의 생산 및 유통,CⅣ,,
510,KAB,동림푸드㈜,인증완료,226-81-40826,강원,강원특별자치도 강릉시 사천면 한과마을길 58 (노동리),1,033-648-8811,always6472@hanmail.net,033-648-8814,이정민 차장,김형익,25437,ISO 22000:2018/FSSC 22000(Version 6),KOR/FSMS/00340/7685,2019-09-03,,2025-09-03,2028-09-02,동결 건조식품의 제조,CⅣ,,
511,KAB,주식회사 해농,,347-87-01156,전남,"전남 나주시 동수농공단지길 30-91 (운곡동, 해농식품)",1,061-336-9934,leomin61@daum.net,061-336-9930,석민철 팀장,조명추,58275,ISO 22000:2005,,2019-09-03,,2025-09-03,2028-09-02,"조미김, 김밥김, 마른김, 구운김, 스시김, 미역, 다시마의 제조",CⅠ,,
512,KAB,㈜웰빙을만드는사람들,,117-81-67502,서울,서울 은평구 연서로 313-1 (불광동),1,02-2653-2009,gao@bbongdderak.com,02-2061-8208,김유광 실장,명정길,3343,ISO 22000:2005,,2019-09-03,,2025-09-03,2028-09-02,파우더(피자 도우용)와 치츠의 유통,FⅡ,,
513,KAB,㈜이앤케이,,816-81-00442,부산,"부산 서구 원양로 35 (암남동, 국제수산물도매시장)",1,051-220-8222,sbutterfly27@gmail.com,051-220-8224,서지현,송연실,49277,ISO 22000:2005,,2019-09-03,,2025-09-03,2028-09-02,냉동 수산물의 보관 및 유통,GⅠ,,
514,KAB,제너럴바이오 주식회사,심사진행,402-81-76985,전북,전북 남원시 송동면 용투산로 254 (신평리),1,063-263-0001,jwy@generalbio.co.kr,0505-302-0133,장운용 차장,서정훈,55793,ISO 22000:2018,KOR/FSMS/00406/8110,2017-09-25,,2023-09-25,2026-09-24,인삼제품 및 인삼파우더의 제조,CⅣ,,
515,KAB,그린영광굴비,,470-08-00715,전남,전남 영광군 백수읍 해안로 1363 (구수리),1,061-351-8004,cyj3992@hanmail.net,061-351-8009,김삼숙 대표,김삼숙,57025,ISO 22000:2018,,2017-09-25,,2023-09-25,2026-09-24,굴비 및 고추장 굴비의 제조,CⅠ,,
516,KAB,김포파주인삼농협 인삼가공공장,,141-82-00137,경기,경기 김포시 대곶면 대명항로 516-29 (대명리),1,031-987-0176,befpp@naver.com,031-997-1608,박지윤 팀장,조재열,10040,ISO 22000:2005,,2017-09-25,,2023-09-25,2026-09-24,"인삼, 홍삼의 가공식품, 인삼 쌀맥주의 제조",CⅣ,,
517,KAB,농업회사법인 주식회사 한씨떡집,,818-87-00265,세종,세종특별자치시 부강면 오대길 9 (부강리),1,044-275-4272,freesua@nate.com,044-5347-4272,조수아 팀장,한임희,30075,ISO 22000:2005,,2017-09-25,,2023-09-25,2026-09-24,떡류의 생산,CⅣ,,
518,KAB,농업회사법인㈜ 약령시사람들,,504-81-66842,대구,대구 중구 남성로 15 (남성로),1,053-428-8002,People66842@naver.com,053-256-6434,양대석 대표,양대석,41934,ISO 22000:2005,,2017-09-25,,2023-09-25,2026-09-24,경옥고를 이용한 Herbal 제품의 생산,K,,
519,KAB,단풍만나원영농조합법인,,404-81-40746,전북,전북 정읍시 월영2길 11-16 (쌍암동),1,063-532-7319,dpmnw@naver.com,063-532-7320,김훈철 대표,김훈철,56199,ISO 22000:2018,,2017-09-25,,2023-09-25,2026-09-24,"울외장아찌, 무장아찌, 여주주박장아찌의 제조",CⅡ,,
520,KAB,㈜유명,,616-86-14579,제주,제주특별자치도 제주시 일주서로 7785 (노형동),1,064-744-3389,sgt96@hanmail.net,064-749-3389,김동주 부장,정명관,63116,ISO 22000:2018,,2017-09-25,,2023-09-25,2026-09-24,"돈육, 우육, 계육의 가공",CⅠ,,
521,KAB,㈜올즙,,212-87-00211,충남,충남 금산군 추부면 다복로 600 (마전리),1,02-2249-4149,alljeup@naver.com,02-750-6221,손동욱 대표,손동욱,32714,ISO 22000:2005,,2017-09-25,,2023-09-25,2026-09-24,"과채음료, 과채주스, 액상차의 제조",CⅣ,,
522,KAB,참자연㈜,,312-86-26213,충남,"충남 천안시 서북구 직산읍 직산로 136 (삼은리, (재)충남테크노파크천안밸리)",1,043-583-0646,Blackbean09@hanmail.net,043-583-0646,정남수 대표,정남수,31035,ISO 22000:2005,,2017-09-25,,2023-09-25,2026-09-24,검은 콩 및 혼합분말의 제조,CⅡ,,
523,KAB,함초닷컴,,415-08-69226,전남,"전남 해남군 해남읍 북부순환로 22 (해리, 우슬타운)",1,061-535-4240,hamcho12@naver.com,061-532-8331,박동인 이사,민경례,59024,ISO 22000:2005,,2017-09-25,,2023-09-25,2026-09-24,"함초가공제품(소금, 환)의 제조",CⅣ,,
524,KAB,데이웰즈,,431-08-00568,대구,대구 달서구 장기로10길 39 (성당동),1,053-985-0962,daywellz00@naver.com,053-985-0962,황정흥 대표,황정흥,42671,ISO 22000:2005,,2017-09-25,,2023-09-25,2026-09-24,"액상차, 과채주스, 흑마늘분말의 제조",CⅡ,,
525,KAB,㈜진산사이언스,,305-81-93572,충남,충남 금산군 군북면 송림길 167 (호티리),1,041-751-3698,jinsan2008@naver.com,041-751-2658,조정주 팀장,권혜정,32722,ISO 22000:2018,,2017-09-25,,2023-09-25,2026-09-24,"홍삼 제품 (진액, 분말, 말랭이, 농축액)의 제조",CⅣ,,
526,KAB,㈜비케이바이오,,215-86-23837,제주,"제주특별자치도 제주시 구좌읍 일주동로 2706-38 (한동리, BK bio)",1,064-754-8600,bkhan@bkbio.com,064-782-6188,최혁준 대표,최혁준,63359,ISO 22000:2005,,2017-09-25,,2023-09-25,2026-09-24,"착즙음료(과일,채소)의 제조",CⅣ,,
527,KAB,삼장협동조합,,758-86-00312,충남,"충남 금산군 금산읍 인삼약초로 45 (중도리, 금산국제인삼시장조합, 약초상가)",1,041-754-5056,mylove2208@never.com,041-751-4790,서병희 대표,서병희,32739,ISO 22000:2005,,2017-09-25,,2023-09-25,2026-09-24,"홍삼추출액, 홍삼정과, 홍삼농축액의 제조",CⅣ,,
528,KAB,홍삼365(홍삼인),,305-25-53967,충남,충남 금산군 금산읍 군청5길 29 (상리),1,041-751-2600,cjh3323@daum.net,02-751-0599,최재형 대표,최재형,32732,ISO 22000:2018,,2017-09-25,,2023-09-25,2026-09-24,"홍삼캔디, 홍삼과자의 제조",CⅡ,,
529,KAB,농업회사법인 (유)평강,,465-88-00898,전북,전북 김제시 순동산단길 151 (순동),1,063-546-5548,fog1028@hanmail.net,063-548-5548,김영복 대표,김영복,54368,ISO 22000:2005,,2017-09-25,,2023-09-25,2026-09-24,구운계란의 제조,CⅢ,,
530,KAB,경주전통술도가,,702-30-00670,경북,경북 경주시 건천읍 천포방내길 31-88 (조전리),1,054-777-0039,seng5545@naver.com,054-753-0039,최경식 이사,최윤지,38181,ISO 22000:2018,,2017-09-25,,2023-09-25,2026-09-24,막걸리의 제조,CⅣ,,
531,KAB,두미원 영농조합법인,,415-81-2003,전남,"전남 해남군 삼산면 구림큰길 2-9 (구림리, 두미원)",1,061-534-6664,enaldnjs6878@hanmail.net,061-6244-0954,서하림 팀장,김연아,59047,ISO 22000:2005,,2017-09-25,,2023-09-25,2026-09-24,"장류(된장, 고추장, 간장) 및 누룽지의 제조",CⅣ,,
532,KAB,농업회사법인 제주와이너리(유),,616-81-78281,제주,제주특별자치도 제주시 애월읍 용흥7길 23 (신엄리),1,064-799-5500,kps8495@hanmail.net,064-799-5503,김판수 이사,김용범,63048,ISO 22000:2005,,2017-09-25,,2023-09-25,2026-09-24,감귤술의 제조,CⅣ,,
533,KAB,농업회사법인 ㈜다고,,685-88-00527,전남,전남 해남군 해남읍 부흥길 57-7 (백야리),1,061-536-9990,dagotea@naver.com,061-532-4911,김원청 대표,김원청,59046,ISO 22000:2005,,2017-09-25,,2023-09-25,2026-09-24,"차(맥문동, 야관문, 오가피, 돼지감자, 비트)의 제조",CⅣ,,
534,KAB,대대로 영농조합법인,,415-81-13462,전남,전남 진도군 군내면 명량대첩로 288-23 (둔전리),1,061-542-3399,manhonghongji@hanmail.net,061-542-2266,김애란 대표,김애란,58902,ISO 22000:2018,,2017-09-25,,2023-09-25,2026-09-24,진도홍주의 제조,CⅣ,,
535,KAB,환길산업,,411-16-90983,전남,전남 목포시 원산로60번길 6 (산정동),1,061-272-7147,love4562580@naver.com,061-272-7146,박창명 상무,박승남,58640,ISO 22000:2005,,2017-09-25,,2023-09-25,2026-09-24,해초무침의 제조,CⅡ,,
536,KAB,㈜보양,,417-81-03806,전남,전남 여수시 율촌면 여순로 607-12 (취적리),1,061-682-9661,ksk2002_kr@nate.com,061-273-2793,김성기 팀장,조규진,59604,ISO 22000:2018,,2017-09-25,,2023-09-25,2026-09-24,미역과 다시마제품의 제조,CⅡ,,
537,KAB,㈜네츄어스베스트푸드,,303-81-70379,충북,충북 음성군 삼성면 대청로 115-15 (청용리),1,043-881-0287,tkfkdgo9921@naver.com,043-882-0287,윤보연 차장,"김동희, RONALD BRENT RE",27658,ISO 22000:2005,,2017-09-25,,2023-09-25,2026-09-24,"귀리가공품(쌀귀리, 스틸컷, 퀵오토, 귀리가루)의 제조",CⅣ,,
538,KAB,삼호주조장,,411-07-83156,전남,전남 영암군 삼호읍 대불주거5로 154 (용앙리),1,061-464-3588,Wjdaod4869@naver.com,061-462-5874,정명희 실장,이부송,58457,ISO 22000:2005,,2017-09-25,,2023-09-25,2026-09-24,"막걸리, 동동주, 무화과 동동주의 제조",CⅣ,,
539,KAB,㈜농업회사법인 술빚는 전가네,,231-81-07057,경기,경기 포천시 영북면 산정호수로322번길 28 (산정리),1,031-532-9708,happykb@empas.com,031-534-9708,전기보 대표,전기보,11103,ISO 22000:2005,,2017-09-25,,2023-09-25,2026-09-24,전통주의 제조,CⅣ,,
540,KAB,삼정수산,,227-04-72242,강원,"강원 양양군 강현면 물치천로 130 (강선리, 삼정냉동)",1,033-673-7711,s6717771@hanmail.net,033-673-9911,하주연 주임,주경범,25000,ISO 22000:2018,,2017-09-25,,2023-09-25,2026-09-24,"홍게살(다리, 몸통)에 대한 개발, 제조, 가공 및 부가서비스?",CⅠ,,
541,KAB,농업회사법인 청현㈜,,412-81-51827,제주,제주특별자치도 서귀포시 성산읍 일주동로 5041 (신산리),1,064-782-7701,eric1004kdc@naver.com,064-782-7731,권두철 과장,석영대,63634,ISO 22000:2005,,2017-09-25,,2023-09-25,2026-09-24,"삼계탕, 닭백수, 닭개장, 닭곰탕의 제조",CⅢ,,
542,KAB,에덴식품영농조합,,416-81-57482,전남,전남 고흥군 두원면 연강예회길 311 (예회리),1,061-834-3881,edenfood1998@hanmail.net,061-834-3880,김경욱 부장,송재철,59513,ISO 22000:2005,,2017-09-25,,2023-09-25,2026-09-24,유자쥬스의 제조,CⅡ,,
543,KAB,홍일식품,,507-04-45302,경북,경북 영덕군 강구면 금호샛길 115-26 (금호리),1,054-734-8114,hongge1@naver.com,054-734-8113,이영민 차장,김은태,36452,ISO 22000:2005,,2017-09-25,,2023-09-25,2026-09-24,"홍게맛 제품 (장소스, 된장, 고추장, 국수)의 제조",CⅣ,,
544,KAB,초하루,,889-33-00264,제주,제주특별자치도 제주시 애월읍 일주서로 6254-3 (애월리),1,064-743-3007,gil3258@naver.com,064-747-5116,박재길,조경애,63044,ISO 22000:2005,,2017-09-25,,2023-09-25,2026-09-24,천연발효초의 제조,CⅣ,,
545,KAB,금산진생협동조합,,305-86-34961,충남,충남 금산군 금산읍 금산천1길 103-4 (중도리),1,041-753-6555,gincoop@naver.com,041-753-3381,정원식 대표,정원식,32740,ISO 22000:2005,,2017-09-25,,2023-09-25,2026-09-24,인삼가공품의 제조,CⅣ,,
546,KAB,구수담 영농조합법인,,224-81-48593,강원,강원 평창군 방림면 서동로 659-90 (운교리),1,033-334-1600,gusdam.com@hanmail.net,033-334-1601,백승석 대표,백승석,25366,ISO 22000:2018,,2017-09-25,,2023-09-25,2026-09-24,"장류(된장, 고추장, 간장), 절임류(더덕구이, 장아찌), 황태구이의 제조",CⅡ,,
547,KAB,㈜운석,,117-81-32788,전남,전남 곡성군 삼기면 곡순로 1332 (괴소리),1,061-362-3010,3gloria@hanmail.net,061-362-3079,이승우 대표,이승우,57522,ISO 22000:2005,,2017-09-25,,2023-09-25,2026-09-24,"사료(발효 사료), 소스(발효 소스), 과일 발효음료의 제조",CⅣ,,
548,KAB,배금초,,422-68-00118,경북,경북 김천시 구성면 부항로 2156 (마산리),1,054-437-7616,jhsklnjhs@naver.com,054-437-7616,정현선 대표,정현선,39684,ISO 22000:2005,,2017-09-25,,2023-09-25,2026-09-24,천연발효식초의 제조,CⅣ,,
549,KAB,농업회사법인 오곡발효마을㈜,,408-86-02996,전남,전남 화순군 동면 먹골길 14-8 (오동리),1,061-372-8688,sun99668988@naver.com,061-372-8655,최해성 대표,최해성,58132,ISO 22000:2005,,2017-09-25,,2023-09-25,2026-09-24,천연발효식초의 제조,CⅣ,,
550,KAB,행복앤 거제천년초,,612-10-45852,경남,경남 거제시 아주1로2길 116 (아주동),1,055-688-0757,yong2041@naver.com,--,이미영 대표,이미영 외 1명,53308,ISO 22000:2005,,2017-09-25,,2023-09-25,2026-09-24,"천년초 제품 (추출액, 열매추출액, 줄기/열매 분말, 겔)의 제조",CⅡ,,
551,KAB,천삼다초㈜,,512-81-17435,전북,전북 무주군 설천면 하두길 73-9 (두길리),1,063-324-3321,erssa@naver.com,063-324-3321,차성환 대표,차성환,55554,ISO 22000:2005,,2017-09-25,,2023-09-25,2026-09-24,"밀크씨즐, 무도라지 가공품의 제조",CⅡ,,
552,KAB,협동조합 허브이야기,,261-87-00042,강원,강원 원주시 운곡로 136 (행구동),1,070-7787-5238,Iherb2210@naver.com,033-764-5238,최병진 이사,오인숙,26455,ISO 22000:2005,,2017-09-25,,2023-09-25,2026-09-24,허브차의 제조,CⅣ,,
553,KAB,농업회사법인 ㈜태반의땅 제주,,616-81-82335,제주,제주특별자치도 서귀포시 토평로50번길 31 (토평동),1,064-732-8885,tbjeju@naver.com,0303-0799-1968,김명수 대표,김명수,63604,ISO 22000:2005,,2017-09-25,,2023-09-25,2026-09-24,"감귤 가공품 (감귤칩, 청귤청, 감귤즙)의 제조",CⅣ,,
554,KAB,㈜미싹바이오,,283-86-00268,전북,"전북 익산시 왕궁면 동촌제길 110 (광암리, 한국식품산업클러스터진흥원)",1,070-8863-7542,morona2@naver.com,--,김구환 대표,김구환,54576,ISO 22000:2005,,2017-09-25,,2023-09-25,2026-09-24,콜라겐식품의 개발 및 제조,CⅣ,,
555,KAB,농업회사법인 봉동생강마을㈜,,278-88-00386,전북,전북 완주군 봉동읍 서정길 106 (구미리),1,063-263-3353,gingervillage@naver.com,063-263-3354,도성진 대표,도성진,55331,ISO 22000:2018,,2017-09-25,,2023-09-25,2026-09-24,"생강가공식품 (생강차, 편강, 엑기스)의 제조",CⅣ,,
556,KAB,병영양조장,,414-04-60409,전남,전남 강진군 병영면 하멜로 407 (성남리),1,061-432-1010,kimks1466@naver.com,061-432-1466,김견식 대표,김견식,59214,ISO 22000:2005,,2017-09-25,,2023-09-25,2026-09-24,"막걸리, 약주, 증류식 소주, 일반 증류주의 제조",CⅣ,,
557,KAB,하늘농산영농조합법인,,223-81-11792,강원,강원 인제군 북면 원통로74번길 41 (원통리),1,033-463-7733,hnfarm@hanmail.net,033-463-9911,원병숙 과장,김정학,24621,ISO 22000:2005,,2017-09-25,,2023-09-25,2026-09-24,"김치류 (포기김치, 맛김치, 석박지, 총각김치, 절임배추)의 생산",CⅣ,,
558,KAB,(유)양촌양조,,308-81-00053,충남,충남 논산시 양촌면 매죽헌로1665번길 14-7 (인천리),1,041-741-2011,ycsoonsu@naver.com,041-741-2014,이동혁 대표,이동혁,33023,ISO 22000:2005,,2017-09-25,,2023-09-25,2026-09-24,"막걸리, 청주의 제조",CⅣ,,
559,KAB,㈜미식수산,,507-81-09044,경북,"경북 울진군 후포면 반소골길 43 (금음리, 미식수산)",1,054-787-4051,ksc99370@hanmail.net,054-787-4052,이상용 부장,김상철,36371,ISO 22000:2018,,2017-09-25,,2023-09-25,2026-09-24,"붉은대게살, 대게살의 제조",CⅠ,,
560,KAB,(유)씨엠에프엔비,,631-81-00502,전북,"전북 전주시 덕진구 원장동길 111-18 (장동, 전북생물산업진흥원)",1,063-225-5592,kgufs@hanmail.net,063-225-5593,이창경 대표,이창경,54810,ISO 22000:2018,,2017-09-25,,2023-09-25,2026-09-24,천연조미료와 복합조미료의 제조,CⅡ,,
561,KAB,농업회사법인 산채만 주식회사,,582-87-00518,강원,강원 인제군 상남면 아홉사리로 3148-26 (상남리),1,033-461-1062,injekirin@hanmail.net,033-461-1063,박상미 대표,박상미,24664,ISO 22000:2005,,2017-09-25,,2023-09-25,2026-09-24,"양념나물(수스류. 절임류. 기타농산가공품), 발효액(액상차), 잡채(즉석조미식품)",CⅣ,,
562,KAB,미엘농장,,751-20-00751,세종,세종특별자치시 전의면 수랑골길 46-4 (다방리),1,044-866-5597,mielchung@naver.com,044-866-5598,정근수 대표,정근수,30008,ISO 22000:2005,,2017-09-25,,2023-09-25,2026-09-24,"벌꿀, 로얄제리, 프로풀리스, 식용화분의 생산",CⅣ,,
563,KAB,농업회사법인 ㈜시트러스,,616-86-03617,제주,제주특별자치도 서귀포시 남원읍 신례천로 46 (신례리),1,064-767-9800,15thanks@hanmail.net,064-767-9802,김공률 대표,김공률,63608,ISO 22000:2005,,2017-09-25,,2023-09-25,2026-09-24,감귤 발효주 및 증류주의 제조,CⅣ,,
